Workbook

Sheet Инструкция
B2: РЕЕСТР ТРЕБОВАНИЙ
B3: Requirements Register — основа для RTM и трассировки
B5: Проект: | C5: [Наименование проекта]
B6: Заказчик: | C6: [Компания-Заказчик]
B7: Версия документа: | C7: [0.1]
B8: Дата: | C8: [ДД.ММ.ГГГГ]
B9: Владелец документа: | C9: [Аналитик / Архитектор]
B11: Назначение
C12: Единый перечень функциональных и нефункциональных требований к Системе. Источник для матрицы трассировки (RTM): из требований протягивается связь к целям, ЧТЗ, тест-кейсам и критериям приёмки. Требования собираются на обследовании и уточняются волнами (progressive elaboration).
B14: Состав листов
B15: Реестр требований | C15: Основной перечень. Одна строка — одно требование.
B16: Сводка | C16: Аналитика по типам, приоритету, статусу, подсистемам.
B17: Справочники | C17: Списки значений для выпадающих полей.
B18: Журнал изменений | C18: Версии документа.
B20: Как заполнять
C21: • ID: REQ-NNN. Этот же ID используется в RTM, ЧТЗ и тест-кейсах — основа сквозной трассировки.
C22: • Формулируйте требование однозначно, измеримо и проверяемо. Тип: бизнес/функциональное/нефункциональное/переходное.
C23: • Приоритет по MoSCoW (Must/Should/Could/Won't). Источник — откуда требование получено.
C24: • Связь с целью (G-ID из Устава, р.4) обеспечивает трассировку «назад» к обоснованию.
C25: • Статус ведите по жизненному циклу: Предложено → Согласовано → Базовая линия → Реализуется → Реализовано → Проверено.
C26: • Поле «Готово к RTM» подсветит требования, готовые к переносу в матрицу трассировки (согласованы и привязаны к цели).
C28: При переводе требования в базовую линию оно должно быть однозначным, измеримым, проверяемым и согласованным.

Sheet Реестр требований
A1: Реестр требований
A2: REQ ID | B2: Требование (формулировка) | C2: Тип | D2: Приоритет | E2: Подсистема | F2: Источник | G2: Связ. цель (G-ID) | H2: Владелец | I2: Критерий приёмки | J2: Статус | K2: Готово к RTM | L2: Волна | M2: Примечание
A3: REQ-001 | B3: Система обеспечивает единый план счетов и учётную политику для всех юрлиц холдинга | C3: Бизнес-требование | D3: Must | E3: Регламентированный учёт | F3: Устав | G3: G-01 | H3: [Владелец процесса] | I3: Консолидация без ручных корректировок | J3: Согласовано | K3: =IF(A3="","",IF(AND(G3<>"",OR(J3="Согласовано",J3="Базовая линия",J3="Реализуется",J3="Реализовано",J3="Проверено")),"✓","—")) -> ✓ | L3: 1
A4: REQ-002 | B4: Система рассчитывает фактическую себестоимость по полному производственному циклу | C4: Функциональное | D4: Must | E4: Производство | F4: Обследование | G4: G-03 | H4: [Владелец процесса] | I4: Расчёт совпадает с эталоном | J4: Базовая линия | K4: =IF(A4="","",IF(AND(G4<>"",OR(J4="Согласовано",J4="Базовая линия",J4="Реализуется",J4="Реализовано",J4="Проверено")),"✓","—")) -> ✓ | L4: 1 | M4: Связ. с DEV-001
A5: REQ-003 | B5: Система формирует консолидированную отчётность холдинга за срок ≤ [N] раб. дней | C5: Нефункциональное | D5: Must | E5: Консолидация (1С:УХ) | F5: Устав | G5: G-02 | H5: [Финансовая служба] | I5: Закрытие ≤ N дней на приёмочных данных | J5: Предложено | K5: =IF(A5="","",IF(AND(G5<>"",OR(J5="Согласовано",J5="Базовая линия",J5="Реализуется",J5="Реализовано",J5="Проверено")),"✓","—")) -> — | L5: 1
A6: REQ-004 | B6: Система обеспечивает обмен данными с MES с гарантированной доставкой | C6: Функциональное | D6: Should | E6: Интеграции | F6: Воркшоп | G6: G-03 | H6: [Архитектор] | I6: Сверка объёмов без расхождений | J6: Предложено | K6: =IF(A6="","",IF(AND(G6<>"",OR(J6="Согласовано",J6="Базовая линия",J6="Реализуется",J6="Реализовано",J6="Проверено")),"✓","—")) -> — | L6: 2 | M6: ЧТЗ-11
A7: REQ-005 | B7: Перенос остатков выполняется с обязательной сверкой и подтверждением | C7: Переходное (миграция/обучение) | D7: Must | E7: Миграция | F7: Обследование | G7: G-01 | H7: [Архитектор данных] | I7: Протокол сверки подписан | J7: Согласовано | K7: =IF(A7="","",IF(AND(G7<>"",OR(J7="Согласовано",J7="Базовая линия",J7="Реализуется",J7="Реализовано",J7="Проверено")),"✓","—")) -> ✓ | L7: 1
A8: REQ-006 | B8: Время отклика ключевых операций ≤ [X] сек при пиковой нагрузке [Y] польз. | C8: Нефункциональное | D8: Should | E8: Общесистемное | F8: Регламент Заказчика | H8: [ИТ-служба] | I8: Нагрузочный тест подтверждает | J8: Предложено | K8: =IF(A8="","",IF(AND(G8<>"",OR(J8="Согласовано",J8="Базовая линия",J8="Реализуется",J8="Реализовано",J8="Проверено")),"✓","—")) -> — | L8: 2 | M8: Нет привязки к цели
K9: =IF(A9="","",IF(AND(G9<>"",OR(J9="Согласовано",J9="Базовая линия",J9="Реализуется",J9="Реализовано",J9="Проверено")),"✓","—"))
K10: =IF(A10="","",IF(AND(G10<>"",OR(J10="Согласовано",J10="Базовая линия",J10="Реализуется",J10="Реализовано",J10="Проверено")),"✓","—"))
K11: =IF(A11="","",IF(AND(G11<>"",OR(J11="Согласовано",J11="Базовая линия",J11="Реализуется",J11="Реализовано",J11="Проверено")),"✓","—"))
K12: =IF(A12="","",IF(AND(G12<>"",OR(J12="Согласовано",J12="Базовая линия",J12="Реализуется",J12="Реализовано",J12="Проверено")),"✓","—"))
K13: =IF(A13="","",IF(AND(G13<>"",OR(J13="Согласовано",J13="Базовая линия",J13="Реализуется",J13="Реализовано",J13="Проверено")),"✓","—"))
K14: =IF(A14="","",IF(AND(G14<>"",OR(J14="Согласовано",J14="Базовая линия",J14="Реализуется",J14="Реализовано",J14="Проверено")),"✓","—"))
K15: =IF(A15="","",IF(AND(G15<>"",OR(J15="Согласовано",J15="Базовая линия",J15="Реализуется",J15="Реализовано",J15="Проверено")),"✓","—"))
K16: =IF(A16="","",IF(AND(G16<>"",OR(J16="Согласовано",J16="Базовая линия",J16="Реализуется",J16="Реализовано",J16="Проверено")),"✓","—"))
K17: =IF(A17="","",IF(AND(G17<>"",OR(J17="Согласовано",J17="Базовая линия",J17="Реализуется",J17="Реализовано",J17="Проверено")),"✓","—"))
K18: =IF(A18="","",IF(AND(G18<>"",OR(J18="Согласовано",J18="Базовая линия",J18="Реализуется",J18="Реализовано",J18="Проверено")),"✓","—"))
K19: =IF(A19="","",IF(AND(G19<>"",OR(J19="Согласовано",J19="Базовая линия",J19="Реализуется",J19="Реализовано",J19="Проверено")),"✓","—"))
K20: =IF(A20="","",IF(AND(G20<>"",OR(J20="Согласовано",J20="Базовая линия",J20="Реализуется",J20="Реализовано",J20="Проверено")),"✓","—"))
... K202: =IF(A202="","",IF(AND(G202<>"",OR(J202="Согласовано",J202="Базовая линия",J202="Реализуется",J202="Реализовано",J202="Проверено")),"✓","—"))

Sheet Сводка
B2: Сводка по требованиям
B3: Считается автоматически по листу «Реестр требований».
B5: По типу | E5: По приоритету (MoSCoW)
B6: Тип | C6: Кол-во | E6: Приоритет | F6: Кол-во
B7: Бизнес-требование | C7: =COUNTIF('Реестр требований'!$C$3:$C$202,"Бизнес-требование") -> 1 | E7: Must | F7: =COUNTIF('Реестр требований'!$D$3:$D$202,"Must") -> 4
B8: Функциональное | C8: =COUNTIF('Реестр требований'!$C$3:$C$202,"Функциональное") -> 2 | E8: Should | F8: =COUNTIF('Реестр требований'!$D$3:$D$202,"Should") -> 2
B9: Нефункциональное | C9: =COUNTIF('Реестр требований'!$C$3:$C$202,"Нефункциональное") -> 2 | E9: Could | F9: =COUNTIF('Реестр требований'!$D$3:$D$202,"Could") -> 0
B10: Переходное (миграция/обучение) | C10: =COUNTIF('Реестр требований'!$C$3:$C$202,"Переходное (миграция/обучение)") -> 1 | E10: Won't (этой волны) | F10: =COUNTIF('Реестр требований'!$D$3:$D$202,"Won't (этой волны)") -> 0
B11: Требование к решению | C11: =COUNTIF('Реестр требований'!$C$3:$C$202,"Требование к решению") -> 0
B12: Требование к проекту | C12: =COUNTIF('Реестр требований'!$C$3:$C$202,"Требование к проекту") -> 0 | E12: По статусу
E13: Статус | F13: Кол-во
B14: Всего требований | C14: =COUNTA('Реестр требований'!$A$3:$A$202) -> 6 | E14: Предложено | F14: =COUNTIF('Реестр требований'!$J$3:$J$202,"Предложено") -> 3
B15: Готово к RTM | C15: =COUNTIF('Реестр требований'!$K$3:$K$202,"✓") -> 3 | E15: Согласовано | F15: =COUNTIF('Реестр требований'!$J$3:$J$202,"Согласовано") -> 2
E16: Базовая линия | F16: =COUNTIF('Реестр требований'!$J$3:$J$202,"Базовая линия") -> 1
E17: Реализуется | F17: =COUNTIF('Реестр требований'!$J$3:$J$202,"Реализуется") -> 0
E18: Реализовано | F18: =COUNTIF('Реестр требований'!$J$3:$J$202,"Реализовано") -> 0
E19: Проверено | F19: =COUNTIF('Реестр требований'!$J$3:$J$202,"Проверено") -> 0
E20: Отклонено | F20: =COUNTIF('Реестр требований'!$J$3:$J$202,"Отклонено") -> 0
E21: Отложено | F21: =COUNTIF('Реестр требований'!$J$3:$J$202,"Отложено") -> 0

Sheet Справочники
A1: Тип требования | B1: Приоритет (MoSCoW) | C1: Подсистема | D1: Источник | E1: Статус
A2: Бизнес-требование | B2: Must | C2: Финансы и казначейство | D2: Устав | E2: Предложено
A3: Функциональное | B3: Should | C3: Регламентированный учёт | D3: Обследование | E3: Согласовано
A4: Нефункциональное | B4: Could | C4: Консолидация (1С:УХ) | D4: Воркшоп | E4: Базовая линия
A5: Переходное (миграция/обучение) | B5: Won't (этой волны) | C5: Производство | D5: Регламент Заказчика | E5: Реализуется
A6: Требование к решению | C6: Закупки/склад | D6: Законодательство | E6: Реализовано
A7: Требование к проекту | C7: Продажи | D7: Вендор 1С | E7: Проверено
C8: HR/ЗП | D8: Заинтересованная сторона | E8: Отклонено
C9: НСИ | E9: Отложено
C10: Интеграции
C11: Миграция
C12: Общесистемное

Sheet Журнал изменений
A1: Журнал изменений документа
A2: Версия | B2: Дата | C2: Описание изменений | D2: Автор
A3: 0.1 | B3: ДД.ММ.ГГГГ | C3: Создание документа | D3: ФИО
