Workbook

Sheet Инструкция
B2: РЕЕСТР ЗАИНТЕРЕСОВАННЫХ СТОРОН (СТЕЙКХОЛДЕРОВ)
B3: Stakeholder Register — разработан на основе PMBOK Guide (8th edition)
B5: Проект: | C5: [Наименование проекта]
B6: Заказчик: | C6: [Компания-Заказчик]
B7: Версия документа: | C7: [0.1]
B8: Дата: | C8: [ДД.ММ.ГГГГ]
B9: Владелец документа: | C9: [Руководитель проекта]
B11: Назначение
C12: Реестр служит для идентификации, классификации и оценки заинтересованных сторон, а также для планирования работы с ними. Это «живой» документ: он ведётся и актуализируется на протяжении всего проекта. Стратегии вовлечения детализируются в Плане вовлечения стейкхолдеров.
B14: Состав листов
B15: Реестр | C15: Основной реестр стейкхолдеров. Заполняйте по одной строке на стейкхолдера/роль.
B16: Матрица влияние-интерес | C16: Сводка распределения стейкхолдеров по квадрантам (считается автоматически).
B17: Справочники | C17: Списки значений для выпадающих полей. При необходимости расширяйте.
B18: Журнал изменений | C18: Регистрация версий документа.
B20: Как заполнять
C21: • Поля, выделенные синим, — плейсхолдеры; замените их реальными данными.
C22: • Поля с выпадающими списками выбирайте из предложенных значений (источник — лист «Справочники»).
C23: • «Уровень вовлечения (тек.)» и «(желаемый)» — по шкале PMBOK: Не осведомлён / Сопротивляется / Нейтрален / Поддерживает / Ведущий.
C24: • Если желаемый уровень выше текущего — по стейкхолдеру нужна активная стратегия вовлечения (столбец «Разрыв» подсветит это).
C25: • Приоритет стейкхолдера определяется сочетанием влияния и интереса (см. лист «Матрица влияние-интерес»).
C26: • Для масштаба 100–500 стейкхолдеров используйте фильтры по столбцам «Группа», «Юрлицо/Подразделение», «Внутр./Внешн.».
C28: Конфиденциально. Документ содержит персональные данные — обращение в соответствии с политикой обработки ПДн организации.

Sheet Реестр
A1: Реестр заинтересованных сторон
A2: ID | B2: ФИО / Наименование | C2: Должность / Роль | D2: Группа | E2: Юрлицо / Подразделение | F2: Внутр./Внешн. | G2: Контакты | H2: Роль в проекте | I2: Ожидания / Интересы | J2: Влияние | K2: Интерес | L2: Приоритет | M2: Отношение | N2: Вовлечение (тек.) | O2: Вовлечение (желаемое) | P2: Разрыв | Q2: Стратегия вовлечения | R2: Ответственный (owner) | S2: Статус | T2: Обновлено
A3: SH-001 | B3: [ФИО] | C3: Генеральный директор | D3: Топ-менеджмент холдинга | E3: [УК холдинга] | F3: Внутренний | G3: [email/тел] | H3: Спонсор проекта | I3: Управляемость, консолидированная отчётность | J3: Высокое | K3: Высокий | L3: Ключевой | M3: Сторонник | N3: Поддерживает | O3: Ведущий | P3: =IF(OR(N3="",O3=""),"",IF(MATCH(O3,Справочники!$F$2:$F$6,0)>MATCH(N3,Справочники!$F$2:$F$6,0),"↑ план","ОК")) -> ↑ план | Q3: Регулярные брифинги, вовлечение в УК | R3: [РП] | S3: Активен | T3: ДД.ММ.ГГГГ
A4: SH-002 | B4: [ФИО] | C4: Финансовый директор | D4: Финансовая служба | E4: [Управляющая компания] | F4: Внутренний | G4: [email/тел] | H4: Куратор / владелец процессов финучёта | I4: Корректность учёта, сроки закрытия | J4: Высокое | K4: Высокий | L4: Ключевой | M4: Нейтральное | N4: Нейтрален | O4: Поддерживает | P4: =IF(OR(N4="",O4=""),"",IF(MATCH(O4,Справочники!$F$2:$F$6,0)>MATCH(N4,Справочники!$F$2:$F$6,0),"↑ план","ОК")) -> ↑ план | Q4: Демонстрации, вовлечение в проектирование | R4: [РП] | S4: Активен | T4: ДД.ММ.ГГГГ
A5: SH-003 | B5: [ФИО] | C5: Директор по производству | D5: Производство | E5: [Завод №1] | F5: Внутренний | G5: [email/тел] | H5: Владелец бизнес-процессов производства | I5: Планирование, учёт себестоимости | J5: Высокое | K5: Средний | L5: Высокий | M5: Сопротивление | N5: Сопротивляется | O5: Поддерживает | P5: =IF(OR(N5="",O5=""),"",IF(MATCH(O5,Справочники!$F$2:$F$6,0)>MATCH(N5,Справочники!$F$2:$F$6,0),"↑ план","ОК")) -> ↑ план | Q5: Работа с возражениями, пилот на участке | R5: [Руководитель РГ] | S5: Активен | T5: ДД.ММ.ГГГГ
A6: SH-004 | B6: [Наименование] | C6: Владелец смежной системы (MES) | D6: Владельцы смежных систем | E6: [Завод №1] | F6: Внутренний | G6: [email/тел] | H6: Поставщик данных для интеграции | I6: Стабильность интеграции | J6: Среднее | K6: Средний | L6: Средний | M6: Нейтральное | N6: Не осведомлён | O6: Поддерживает | P6: =IF(OR(N6="",O6=""),"",IF(MATCH(O6,Справочники!$F$2:$F$6,0)>MATCH(N6,Справочники!$F$2:$F$6,0),"↑ план","ОК")) -> ↑ план | Q6: Раннее согласование ЧТЗ на интеграцию | R6: [Архитектор] | S6: Активен | T6: ДД.ММ.ГГГГ
A7: SH-005 | B7: [Наименование вендора] | C7: Команда интегратора | D7: Внешние (вендор/интегратор) | E7: [Исполнитель] | F7: Внешний | G7: [email/тел] | H7: Исполнитель работ | I7: Исполнение в срок и бюджет | J7: Высокое | K7: Высокий | L7: Высокий | M7: Сторонник | N7: Поддерживает | O7: Ведущий | P7: =IF(OR(N7="",O7=""),"",IF(MATCH(O7,Справочники!$F$2:$F$6,0)>MATCH(N7,Справочники!$F$2:$F$6,0),"↑ план","ОК")) -> ↑ план | Q7: Договорные KPI, статус-встречи | R7: [РП Исполнителя] | S7: Активен | T7: ДД.ММ.ГГГГ
P8: =IF(OR(N8="",O8=""),"",IF(MATCH(O8,Справочники!$F$2:$F$6,0)>MATCH(N8,Справочники!$F$2:$F$6,0),"↑ план","ОК"))
P9: =IF(OR(N9="",O9=""),"",IF(MATCH(O9,Справочники!$F$2:$F$6,0)>MATCH(N9,Справочники!$F$2:$F$6,0),"↑ план","ОК"))
P10: =IF(OR(N10="",O10=""),"",IF(MATCH(O10,Справочники!$F$2:$F$6,0)>MATCH(N10,Справочники!$F$2:$F$6,0),"↑ план","ОК"))
P11: =IF(OR(N11="",O11=""),"",IF(MATCH(O11,Справочники!$F$2:$F$6,0)>MATCH(N11,Справочники!$F$2:$F$6,0),"↑ план","ОК"))
P12: =IF(OR(N12="",O12=""),"",IF(MATCH(O12,Справочники!$F$2:$F$6,0)>MATCH(N12,Справочники!$F$2:$F$6,0),"↑ план","ОК"))
P13: =IF(OR(N13="",O13=""),"",IF(MATCH(O13,Справочники!$F$2:$F$6,0)>MATCH(N13,Справочники!$F$2:$F$6,0),"↑ план","ОК"))
P14: =IF(OR(N14="",O14=""),"",IF(MATCH(O14,Справочники!$F$2:$F$6,0)>MATCH(N14,Справочники!$F$2:$F$6,0),"↑ план","ОК"))
P15: =IF(OR(N15="",O15=""),"",IF(MATCH(O15,Справочники!$F$2:$F$6,0)>MATCH(N15,Справочники!$F$2:$F$6,0),"↑ план","ОК"))
P16: =IF(OR(N16="",O16=""),"",IF(MATCH(O16,Справочники!$F$2:$F$6,0)>MATCH(N16,Справочники!$F$2:$F$6,0),"↑ план","ОК"))
P17: =IF(OR(N17="",O17=""),"",IF(MATCH(O17,Справочники!$F$2:$F$6,0)>MATCH(N17,Справочники!$F$2:$F$6,0),"↑ план","ОК"))
P18: =IF(OR(N18="",O18=""),"",IF(MATCH(O18,Справочники!$F$2:$F$6,0)>MATCH(N18,Справочники!$F$2:$F$6,0),"↑ план","ОК"))
P19: =IF(OR(N19="",O19=""),"",IF(MATCH(O19,Справочники!$F$2:$F$6,0)>MATCH(N19,Справочники!$F$2:$F$6,0),"↑ план","ОК"))
... P122: =IF(OR(N122="",O122=""),"",IF(MATCH(O122,Справочники!$F$2:$F$6,0)>MATCH(N122,Справочники!$F$2:$F$6,0),"↑ план","ОК"))

Sheet Матрица влияние-интерес
B2: Матрица «Влияние / Интерес»
B3: Распределение стейкхолдеров по квадрантам (по данным листа «Реестр»). Стратегия — по Менделоу.
C5: Интерес →
B6: Влияние ↓ | C6: Низкий | D6: Средний | E6: Высокий
B7: Высокое | C7: =COUNTIFS(Реестр!$J$3:$J$122,"Высокое",Реестр!$K$3:$K$122,"Низкий") -> 0 | D7: =COUNTIFS(Реестр!$J$3:$J$122,"Высокое",Реестр!$K$3:$K$122,"Средний") -> 1 | E7: =COUNTIFS(Реестр!$J$3:$J$122,"Высокое",Реестр!$K$3:$K$122,"Высокий") -> 3
B8: Среднее | C8: =COUNTIFS(Реестр!$J$3:$J$122,"Среднее",Реестр!$K$3:$K$122,"Низкий") -> 0 | D8: =COUNTIFS(Реестр!$J$3:$J$122,"Среднее",Реестр!$K$3:$K$122,"Средний") -> 1 | E8: =COUNTIFS(Реестр!$J$3:$J$122,"Среднее",Реестр!$K$3:$K$122,"Высокий") -> 0
B9: Низкое | C9: =COUNTIFS(Реестр!$J$3:$J$122,"Низкое",Реестр!$K$3:$K$122,"Низкий") -> 0 | D9: =COUNTIFS(Реестр!$J$3:$J$122,"Низкое",Реестр!$K$3:$K$122,"Средний") -> 0 | E9: =COUNTIFS(Реестр!$J$3:$J$122,"Низкое",Реестр!$K$3:$K$122,"Высокий") -> 0
B11: Стратегии по квадрантам (модель Менделоу):
B12: Высокое влияние + Высокий интерес | C12: Управлять плотно (Manage closely)
B13: Высокое влияние + Низкий интерес | C13: Удовлетворять (Keep satisfied)
B14: Низкое влияние + Высокий интерес | C14: Информировать (Keep informed)
B15: Низкое влияние + Низкий интерес | C15: Мониторить (Monitor)
B17: Всего стейкхолдеров в реестре: | C17: =COUNTA(Реестр!$A$3:$A$122) -> 5

Sheet Справочники
A1: Группа стейкхолдеров | B1: Внутр./Внешн. | C1: Влияние | D1: Интерес | E1: Отношение | F1: Уровень вовлечения | G1: Приоритет | H1: Статус
A2: Топ-менеджмент холдинга | B2: Внутренний | C2: Высокое | D2: Высокий | E2: Сторонник | F2: Не осведомлён | G2: Ключевой | H2: Активен
A3: Финансовая служба | B3: Внешний | C3: Среднее | D3: Средний | E3: Нейтральное | F3: Сопротивляется | G3: Высокий | H3: Под наблюдением
A4: Производство | C4: Низкое | D4: Низкий | E4: Сопротивление | F4: Нейтрален | G4: Средний | H4: Неактивен
A5: Закупки и логистика | E5: Неизвестно | F5: Поддерживает | G5: Низкий
A6: Продажи | F6: Ведущий
A7: ИТ-служба
A8: Владельцы смежных систем
A9: HR / Кадры
A10: Юридическая служба
A11: Конечные пользователи
A12: Внешние (вендор/интегратор)
A13: Регуляторы / Аудит

Sheet Журнал изменений
A1: Журнал изменений документа
A2: Версия | B2: Дата | C2: Описание изменений | D2: Автор
A3: 0.1 | B3: ДД.ММ.ГГГГ | C3: Создание документа | D3: ФИО
