Workbook

Sheet Инструкция
B2: РЕЕСТР ДОРАБОТОК КОНФИГУРАЦИИ
B3: Development Backlog — учёт доработок 1С на проекте
B5: Проект: | C5: [Наименование проекта]
B6: Заказчик: | C6: [Компания-Заказчик]
B7: Версия документа: | C7: [0.1]
B8: Дата: | C8: [ДД.ММ.ГГГГ]
B9: Владелец документа: | C9: [Архитектор решения / РП]
B11: Назначение
C12: Реестр (backlog) учитывает все доработки конфигурации 1С: от обоснования (gap) и связи с требованием до реализации и тестирования. Отслеживает оценку трудозатрат, способ реализации и влияние на обновляемость. Замыкает цепочку: gap-анализ → ЧТЗ на доработку → разработка → тест (RTM).
B14: Принцип доработок
C15: • Приоритет — типовой функционал 1С; доработка только при обоснованном gap.
C16: • Предпочтение — расширения конфигурации (минимум изменений типовых объектов) ради обновляемости.
C17: • Поле «Влияние на обновление» отмечает доработки, усложняющие обновление типовой конфигурации.
B19: Состав листов
B20: Реестр доработок | C20: Основной backlog. Одна строка — одна доработка.
B21: Сводка | C21: Аналитика по статусам, приоритету, трудозатратам, способу реализации.
B22: Справочники | C22: Списки значений для выпадающих полей.
B23: Журнал изменений | C23: Версии документа.
B25: Как заполнять
C26: • ID доработки: DEV-NNN. Связывайте с требованием (REQ ID) и ЧТЗ — трассировка в RTM.
C27: • Оценка трудозатрат (чел.-ч) и факт — для контроля и планирования.
C28: • Способ реализации: расширение / изменение типового / новый объект / внешняя обработка.
C29: • Статус ведите по жизненному циклу: Предложена → Оценена → В разработке → На тесте → Готова → Отклонена.
C30: • Поле «% выполнения» считается по статусу автоматически (ориентир для прогресса).

Sheet Реестр доработок
A1: Реестр доработок конфигурации
A2: DEV ID | B2: Наименование доработки | C2: Подсистема | D2: Связ. требование (REQ) | E2: ЧТЗ | F2: Обоснование (gap) | G2: Тип объекта | H2: Способ реализации | I2: Влияние на обновление | J2: Приоритет | K2: Оценка (чел.-ч) | L2: Факт (чел.-ч) | M2: Разработчик | N2: Статус | O2: % вып. | P2: Волна | Q2: Примечание
A3: DEV-001 | B3: Расчёт фактической себестоимости по доработанному алгоритму | C3: Производство | D3: REQ-002 | E3: ЧТЗ-04 | F3: Типовой расчёт не учитывает специфику переделов | G3: Общий модуль | H3: Изменение типового объекта | I3: Среднее | J3: Must | K3: 120 | M3: [Р1] | N3: В разработке | O3: =IF(A3="","",IF(N3="Готова",1,IF(N3="На тесте",0.8,IF(N3="В разработке",0.5,IF(N3="Утверждена",0.2,IF(N3="Оценена",0.1,IF(N3="Предложена",0,IF(N3="Отклонена",0,IF(N3="Отложена",0,""))))))))) -> 0.5 | P3: 1 | Q3: Связано с CR-002
A4: DEV-002 | B4: Доп. реквизиты договора для консолидации | C4: Консолидация (1С:УХ) | D4: REQ-001 | E4: ЧТЗ-03 | F4: Нет нужных аналитик для холдинговой отчётности | G4: Справочник | H4: Расширение конфигурации | I4: Низкое | J4: Must | K4: 40 | M4: [Р2] | N4: Оценена | O4: =IF(A4="","",IF(N4="Готова",1,IF(N4="На тесте",0.8,IF(N4="В разработке",0.5,IF(N4="Утверждена",0.2,IF(N4="Оценена",0.1,IF(N4="Предложена",0,IF(N4="Отклонена",0,IF(N4="Отложена",0,""))))))))) -> 0.1 | P4: 1
A5: DEV-003 | B5: Печатная форма акта по корпоративному шаблону | C5: Продажи | D5: REQ-… | E5: ЧТЗ-06 | F5: Требуется фирменный бланк холдинга | G5: Печатная форма | H5: Внешняя обработка/отчёт | I5: Нет | J5: Should | K5: 24 | M5: [Р2] | N5: Предложена | O5: =IF(A5="","",IF(N5="Готова",1,IF(N5="На тесте",0.8,IF(N5="В разработке",0.5,IF(N5="Утверждена",0.2,IF(N5="Оценена",0.1,IF(N5="Предложена",0,IF(N5="Отклонена",0,IF(N5="Отложена",0,""))))))))) -> 0 | P5: 2
A6: DEV-004 | B6: Отчёт по план-факту производства | C6: Производство | D6: REQ-… | E6: ЧТЗ-04 | F6: Нет типового отчёта в нужном разрезе | G6: Отчёт | H6: Новый объект | I6: Нет | J6: Should | K6: 32 | M6: [Р1] | N6: Готова | O6: =IF(A6="","",IF(N6="Готова",1,IF(N6="На тесте",0.8,IF(N6="В разработке",0.5,IF(N6="Утверждена",0.2,IF(N6="Оценена",0.1,IF(N6="Предложена",0,IF(N6="Отклонена",0,IF(N6="Отложена",0,""))))))))) -> 1 | P6: 1
A7: DEV-005 | B7: Доработка ролей под оргструктуру холдинга | C7: Общесистемное | D7: REQ-… | E7: ЧТЗ-09 | F7: Типовые роли не покрывают разграничение по юрлицам | G7: Роль/права | H7: Настройка (без кода) | I7: Нет | J7: Must | K7: 16 | M7: [Адм] | N7: На тесте | O7: =IF(A7="","",IF(N7="Готова",1,IF(N7="На тесте",0.8,IF(N7="В разработке",0.5,IF(N7="Утверждена",0.2,IF(N7="Оценена",0.1,IF(N7="Предложена",0,IF(N7="Отклонена",0,IF(N7="Отложена",0,""))))))))) -> 0.8 | P7: 1
O8: =IF(A8="","",IF(N8="Готова",1,IF(N8="На тесте",0.8,IF(N8="В разработке",0.5,IF(N8="Утверждена",0.2,IF(N8="Оценена",0.1,IF(N8="Предложена",0,IF(N8="Отклонена",0,IF(N8="Отложена",0,"")))))))))
O9: =IF(A9="","",IF(N9="Готова",1,IF(N9="На тесте",0.8,IF(N9="В разработке",0.5,IF(N9="Утверждена",0.2,IF(N9="Оценена",0.1,IF(N9="Предложена",0,IF(N9="Отклонена",0,IF(N9="Отложена",0,"")))))))))
O10: =IF(A10="","",IF(N10="Готова",1,IF(N10="На тесте",0.8,IF(N10="В разработке",0.5,IF(N10="Утверждена",0.2,IF(N10="Оценена",0.1,IF(N10="Предложена",0,IF(N10="Отклонена",0,IF(N10="Отложена",0,"")))))))))
O11: =IF(A11="","",IF(N11="Готова",1,IF(N11="На тесте",0.8,IF(N11="В разработке",0.5,IF(N11="Утверждена",0.2,IF(N11="Оценена",0.1,IF(N11="Предложена",0,IF(N11="Отклонена",0,IF(N11="Отложена",0,"")))))))))
O12: =IF(A12="","",IF(N12="Готова",1,IF(N12="На тесте",0.8,IF(N12="В разработке",0.5,IF(N12="Утверждена",0.2,IF(N12="Оценена",0.1,IF(N12="Предложена",0,IF(N12="Отклонена",0,IF(N12="Отложена",0,"")))))))))
O13: =IF(A13="","",IF(N13="Готова",1,IF(N13="На тесте",0.8,IF(N13="В разработке",0.5,IF(N13="Утверждена",0.2,IF(N13="Оценена",0.1,IF(N13="Предложена",0,IF(N13="Отклонена",0,IF(N13="Отложена",0,"")))))))))
O14: =IF(A14="","",IF(N14="Готова",1,IF(N14="На тесте",0.8,IF(N14="В разработке",0.5,IF(N14="Утверждена",0.2,IF(N14="Оценена",0.1,IF(N14="Предложена",0,IF(N14="Отклонена",0,IF(N14="Отложена",0,"")))))))))
O15: =IF(A15="","",IF(N15="Готова",1,IF(N15="На тесте",0.8,IF(N15="В разработке",0.5,IF(N15="Утверждена",0.2,IF(N15="Оценена",0.1,IF(N15="Предложена",0,IF(N15="Отклонена",0,IF(N15="Отложена",0,"")))))))))
O16: =IF(A16="","",IF(N16="Готова",1,IF(N16="На тесте",0.8,IF(N16="В разработке",0.5,IF(N16="Утверждена",0.2,IF(N16="Оценена",0.1,IF(N16="Предложена",0,IF(N16="Отклонена",0,IF(N16="Отложена",0,"")))))))))
O17: =IF(A17="","",IF(N17="Готова",1,IF(N17="На тесте",0.8,IF(N17="В разработке",0.5,IF(N17="Утверждена",0.2,IF(N17="Оценена",0.1,IF(N17="Предложена",0,IF(N17="Отклонена",0,IF(N17="Отложена",0,"")))))))))
O18: =IF(A18="","",IF(N18="Готова",1,IF(N18="На тесте",0.8,IF(N18="В разработке",0.5,IF(N18="Утверждена",0.2,IF(N18="Оценена",0.1,IF(N18="Предложена",0,IF(N18="Отклонена",0,IF(N18="Отложена",0,"")))))))))
O19: =IF(A19="","",IF(N19="Готова",1,IF(N19="На тесте",0.8,IF(N19="В разработке",0.5,IF(N19="Утверждена",0.2,IF(N19="Оценена",0.1,IF(N19="Предложена",0,IF(N19="Отклонена",0,IF(N19="Отложена",0,"")))))))))
... O202: =IF(A202="","",IF(N202="Готова",1,IF(N202="На тесте",0.8,IF(N202="В разработке",0.5,IF(N202="Утверждена",0.2,IF(N202="Оценена",0.1,IF(N202="Предложена",0,IF(N202="Отклонена",0,IF(N202="Отложена",0,"")))))))))

Sheet Сводка
B2: Сводка по доработкам
B3: Считается автоматически по листу «Реестр доработок».
B5: По статусу | E5: Трудозатраты (чел.-ч)
B6: Статус | C6: Кол-во | E6: Оценка, всего | F6: =SUM('Реестр доработок'!$K$3:$K$202) -> 232
B7: Предложена | C7: =COUNTIF('Реестр доработок'!$N$3:$N$202,"Предложена") -> 1 | E7: Факт, всего | F7: =SUM('Реестр доработок'!$L$3:$L$202) -> 0
B8: Оценена | C8: =COUNTIF('Реестр доработок'!$N$3:$N$202,"Оценена") -> 1 | E8: Отклонение (факт−оценка) | F8: =SUM('Реестр доработок'!$L$3:$L$202)-SUM('Реестр доработок'!$K$3:$K$202) -> -232
B9: Утверждена | C9: =COUNTIF('Реестр доработок'!$N$3:$N$202,"Утверждена") -> 0
B10: В разработке | C10: =COUNTIF('Реестр доработок'!$N$3:$N$202,"В разработке") -> 1
B11: На тесте | C11: =COUNTIF('Реестр доработок'!$N$3:$N$202,"На тесте") -> 1 | E11: По способу реализации
B12: Готова | C12: =COUNTIF('Реестр доработок'!$N$3:$N$202,"Готова") -> 1 | E12: Способ | F12: Кол-во
B13: Отклонена | C13: =COUNTIF('Реестр доработок'!$N$3:$N$202,"Отклонена") -> 0 | E13: Расширение конфигурации | F13: =COUNTIF('Реестр доработок'!$H$3:$H$202,"Расширение конфигурации") -> 1
B14: Отложена | C14: =COUNTIF('Реестр доработок'!$N$3:$N$202,"Отложена") -> 0 | E14: Изменение типового объекта | F14: =COUNTIF('Реестр доработок'!$H$3:$H$202,"Изменение типового объекта") -> 1
B15: Всего доработок | C15: =COUNTA('Реестр доработок'!$A$3:$A$202) -> 5 | E15: Новый объект | F15: =COUNTIF('Реестр доработок'!$H$3:$H$202,"Новый объект") -> 1
E16: Внешняя обработка/отчёт | F16: =COUNTIF('Реестр доработок'!$H$3:$H$202,"Внешняя обработка/отчёт") -> 1
B17: По приоритету (MoSCoW) | E17: Настройка (без кода) | F17: =COUNTIF('Реестр доработок'!$H$3:$H$202,"Настройка (без кода)") -> 1
B18: Приоритет | C18: Кол-во
B19: Must | C19: =COUNTIF('Реестр доработок'!$J$3:$J$202,"Must") -> 3
B20: Should | C20: =COUNTIF('Реестр доработок'!$J$3:$J$202,"Should") -> 2
B21: Could | C21: =COUNTIF('Реестр доработок'!$J$3:$J$202,"Could") -> 0
B22: Won't (этой волны) | C22: =COUNTIF('Реестр доработок'!$J$3:$J$202,"Won't (этой волны)") -> 0

Sheet Справочники
A1: Подсистема | B1: Тип объекта | C1: Способ реализации | D1: Приоритет (MoSCoW) | E1: Статус | F1: Влияние на обновление
A2: Финансы и казначейство | B2: Справочник | C2: Расширение конфигурации | D2: Must | E2: Предложена | F2: Нет
A3: Регламентированный учёт | B3: Документ | C3: Изменение типового объекта | D3: Should | E3: Оценена | F3: Низкое
A4: Консолидация (1С:УХ) | B4: Регистр сведений | C4: Новый объект | D4: Could | E4: Утверждена | F4: Среднее
A5: Производство | B5: Регистр накопления | C5: Внешняя обработка/отчёт | D5: Won't (этой волны) | E5: В разработке | F5: Высокое
A6: Закупки/склад | B6: Обработка | C6: Настройка (без кода) | E6: На тесте
A7: Продажи | B7: Отчёт | E7: Готова
A8: HR/ЗП | B8: Печатная форма | E8: Отклонена
A9: НСИ | B9: Роль/права | E9: Отложена
A10: Интеграции | B10: План видов расчёта
A11: Общесистемное | B11: Общий модуль

Sheet Журнал изменений
A1: Журнал изменений документа
A2: Версия | B2: Дата | C2: Описание изменений | D2: Автор
A3: 0.1 | B3: ДД.ММ.ГГГГ | C3: Создание документа | D3: ФИО
