Workbook

Sheet Инструкция
B2: РЕЕСТР ЗАПРОСОВ НА ИЗМЕНЕНИЕ
B3: Change Request Log — ведётся по Плану управления изменениями
B5: Проект: | C5: [Наименование проекта]
B6: Заказчик: | C6: [Компания-Заказчик]
B7: Версия документа: | C7: [0.1]
B8: Дата: | C8: [ДД.ММ.ГГГГ]
B9: Владелец документа: | C9: [Руководитель проекта]
B11: Назначение
C12: Единый журнал учёта запросов на изменение (CR). Фиксирует весь жизненный цикл изменения: от подачи до закрытия, с оценкой влияния и решением уполномоченного органа. Связан с Планом управления изменениями (процедура и матрица полномочий) и RTM (влияние на требования).
B14: Состав листов
B15: Реестр CR | C15: Основной журнал. Одна строка — один запрос на изменение.
B16: Сводка | C16: Автоматическая аналитика по статусам, категориям, решениям.
B17: Справочники | C17: Списки значений для выпадающих полей.
B18: Журнал изменений | C18: Версии документа.
B20: Как заполнять
C21: • ID присваивается при регистрации (CR-NNN). Категория определяет маршрут утверждения (см. План управления изменениями).
C22: • Оценка влияния по срокам/бюджету заполняется до рассмотрения; решение — после.
C23: • Связанные требования (REQ ID) указывайте для трассировки в RTM.
C24: • Статус ведите по жизненному циклу: Подан → На оценке → На рассмотрении → Утверждён/Отклонён/Отложен → Внедрён → Закрыт.
C25: • Поле «Контроль срока» подсветит просроченные открытые CR (если задан срок решения).
C27: Конфиденциально. Решения по CR имеют последствия для бюджета и сроков — ведите дисциплинированно.

Sheet Реестр CR
A1: Реестр запросов на изменение
A2: CR ID | B2: Дата подачи | C2: Инициатор | D2: Описание изменения | E2: Обоснование / причина | F2: Категория | G2: Область изменения | H2: Влияние: сроки (дн.) | I2: Влияние: бюджет (руб.) | J2: Влияние: риски/качество | K2: Связ. требования (REQ) | L2: Орган решения | M2: Решение | N2: Дата решения | O2: Статус | P2: Срок внедрения | Q2: Контроль срока | R2: Ответственный | S2: Примечание
A3: CR-001 | B3: [ДД.ММ.ГГГГ] | C3: [ФИО] | D3: Добавить интеграцию с системой WMS склада | E3: Выявлена потребность после обследования логистики | F3: Значительное | G3: Интеграции | H3: +15 | I3: +[сумма] | J3: Риск сдвига вехи интеграций | K3: [REQ-…] | L3: Управляющий комитет | M3: На доработку | N3: [ДД.ММ.ГГГГ] | O3: На рассмотрении | P3: [ДД.ММ.ГГГГ] | Q3: =IFERROR(IF(A3="","",IF(OR(O3="Закрыт",O3="Внедрён",O3="Отклонён"),"—",IF(N(P3)=0,"",IF(TODAY()>P3,"Просрочен","В срок")))),"") | R3: [РП] | S3: Ожидается оценка трудозатрат
A4: CR-002 | B4: [ДД.ММ.ГГГГ] | C4: [ФИО] | D4: Изменить алгоритм расчёта себестоимости по требованию финслужбы | E4: Уточнение методики после воркшопа | F4: Критическое | G4: Требования | H4: +20 | I4: +[сумма] | J4: Влияет на сроки фазы разработки | K4: [REQ-002] | L4: Спонсор | M4: Утвердить | N4: [ДД.ММ.ГГГГ] | O4: Утверждён | P4: [ДД.ММ.ГГГГ] | Q4: =IFERROR(IF(A4="","",IF(OR(O4="Закрыт",O4="Внедрён",O4="Отклонён"),"—",IF(N(P4)=0,"",IF(TODAY()>P4,"Просрочен","В срок")))),"") | R4: [РП] | S4: Обновлены базовые линии
A5: CR-003 | B5: [ДД.ММ.ГГГГ] | C5: [ФИО] | D5: Косметические правки печатной формы счёта | E5: Запрос пользователя | F5: Незначительное | G5: Прочее | H5: 0 | I5: 0 | J5: Нет | K5: [REQ-…] | L5: РП | M5: Утвердить | N5: [ДД.ММ.ГГГГ] | O5: Внедрён | P5: [ДД.ММ.ГГГГ] | Q5: =IFERROR(IF(A5="","",IF(OR(O5="Закрыт",O5="Внедрён",O5="Отклонён"),"—",IF(N(P5)=0,"",IF(TODAY()>P5,"Просрочен","В срок")))),"") -> — | R5: [РП]
Q6: =IFERROR(IF(A6="","",IF(OR(O6="Закрыт",O6="Внедрён",O6="Отклонён"),"—",IF(N(P6)=0,"",IF(TODAY()>P6,"Просрочен","В срок")))),"")
Q7: =IFERROR(IF(A7="","",IF(OR(O7="Закрыт",O7="Внедрён",O7="Отклонён"),"—",IF(N(P7)=0,"",IF(TODAY()>P7,"Просрочен","В срок")))),"")
Q8: =IFERROR(IF(A8="","",IF(OR(O8="Закрыт",O8="Внедрён",O8="Отклонён"),"—",IF(N(P8)=0,"",IF(TODAY()>P8,"Просрочен","В срок")))),"")
Q9: =IFERROR(IF(A9="","",IF(OR(O9="Закрыт",O9="Внедрён",O9="Отклонён"),"—",IF(N(P9)=0,"",IF(TODAY()>P9,"Просрочен","В срок")))),"")
Q10: =IFERROR(IF(A10="","",IF(OR(O10="Закрыт",O10="Внедрён",O10="Отклонён"),"—",IF(N(P10)=0,"",IF(TODAY()>P10,"Просрочен","В срок")))),"")
Q11: =IFERROR(IF(A11="","",IF(OR(O11="Закрыт",O11="Внедрён",O11="Отклонён"),"—",IF(N(P11)=0,"",IF(TODAY()>P11,"Просрочен","В срок")))),"")
Q12: =IFERROR(IF(A12="","",IF(OR(O12="Закрыт",O12="Внедрён",O12="Отклонён"),"—",IF(N(P12)=0,"",IF(TODAY()>P12,"Просрочен","В срок")))),"")
Q13: =IFERROR(IF(A13="","",IF(OR(O13="Закрыт",O13="Внедрён",O13="Отклонён"),"—",IF(N(P13)=0,"",IF(TODAY()>P13,"Просрочен","В срок")))),"")
Q14: =IFERROR(IF(A14="","",IF(OR(O14="Закрыт",O14="Внедрён",O14="Отклонён"),"—",IF(N(P14)=0,"",IF(TODAY()>P14,"Просрочен","В срок")))),"")
Q15: =IFERROR(IF(A15="","",IF(OR(O15="Закрыт",O15="Внедрён",O15="Отклонён"),"—",IF(N(P15)=0,"",IF(TODAY()>P15,"Просрочен","В срок")))),"")
Q16: =IFERROR(IF(A16="","",IF(OR(O16="Закрыт",O16="Внедрён",O16="Отклонён"),"—",IF(N(P16)=0,"",IF(TODAY()>P16,"Просрочен","В срок")))),"")
Q17: =IFERROR(IF(A17="","",IF(OR(O17="Закрыт",O17="Внедрён",O17="Отклонён"),"—",IF(N(P17)=0,"",IF(TODAY()>P17,"Просрочен","В срок")))),"")
... Q152: =IFERROR(IF(A152="","",IF(OR(O152="Закрыт",O152="Внедрён",O152="Отклонён"),"—",IF(N(P152)=0,"",IF(TODAY()>P152,"Просрочен","В срок")))),"")

Sheet Сводка
B2: Сводка по запросам на изменение
B3: Считается автоматически по листу «Реестр CR».
B5: По статусу | E5: По категории
B6: Статус | C6: Кол-во | E6: Категория | F6: Кол-во
B7: Подан | C7: =COUNTIF('Реестр CR'!$O$3:$O$152,"Подан") -> 0 | E7: Незначительное | F7: =COUNTIF('Реестр CR'!$F$3:$F$152,"Незначительное") -> 1
B8: На оценке | C8: =COUNTIF('Реестр CR'!$O$3:$O$152,"На оценке") -> 0 | E8: Значительное | F8: =COUNTIF('Реестр CR'!$F$3:$F$152,"Значительное") -> 1
B9: На рассмотрении | C9: =COUNTIF('Реестр CR'!$O$3:$O$152,"На рассмотрении") -> 1 | E9: Критическое | F9: =COUNTIF('Реестр CR'!$F$3:$F$152,"Критическое") -> 1
B10: Утверждён | C10: =COUNTIF('Реестр CR'!$O$3:$O$152,"Утверждён") -> 1 | E10: Срочное | F10: =COUNTIF('Реестр CR'!$F$3:$F$152,"Срочное") -> 0
B11: Отклонён | C11: =COUNTIF('Реестр CR'!$O$3:$O$152,"Отклонён") -> 0
B12: Отложен | C12: =COUNTIF('Реестр CR'!$O$3:$O$152,"Отложен") -> 0
B13: Внедрён | C13: =COUNTIF('Реестр CR'!$O$3:$O$152,"Внедрён") -> 1
B14: Закрыт | C14: =COUNTIF('Реестр CR'!$O$3:$O$152,"Закрыт") -> 0
B15: Всего CR | C15: =COUNTA('Реестр CR'!$A$3:$A$152) -> 3

Sheet Справочники
A1: Категория | B1: Область изменения | C1: Статус | D1: Решение | E1: Орган решения
A2: Незначительное | B2: Содержание/объём | C2: Подан | D2: Утвердить | E2: РП
A3: Значительное | B3: Сроки | C3: На оценке | D3: Отклонить | E3: Управляющий комитет
A4: Критическое | B4: Бюджет | C4: На рассмотрении | D4: Отложить | E4: Спонсор
A5: Срочное | B5: Требования | C5: Утверждён | D5: На доработку | E5: CCB
B6: Архитектура | C6: Отклонён | D6: —
B7: НСИ | C7: Отложен
B8: Интеграции | C8: Внедрён
B9: Качество | C9: Закрыт
B10: Прочее

Sheet Журнал изменений
A1: Журнал изменений документа
A2: Версия | B2: Дата | C2: Описание изменений | D2: Автор
A3: 0.1 | B3: ДД.ММ.ГГГГ | C3: Создание документа | D3: ФИО
