Workbook

Sheet Инструкция
B2: РЕЕСТР ПРОБЛЕМ (ISSUE LOG)
B3: Issue Log — разработан на основе PMBOK Guide (8th edition)
B5: Проект: | C5: [Наименование проекта]
B6: Заказчик: | C6: [Компания-Заказчик]
B7: Версия документа: | C7: [0.1]
B8: Дата: | C8: [ДД.ММ.ГГГГ]
B9: Владелец документа: | C9: [Руководитель проекта]
B11: Назначение
C12: Реестр служит для учёта и контроля разрешения проблем (issues) — событий и вопросов, которые уже возникли и требуют решения. В отличие от риска (потенциальное событие в Реестре рисков), проблема уже наступила. Проблема может быть следствием сработавшего риска — указывайте связь (R-ID).
B14: Риск или проблема?
C15: • Риск — может произойти в будущем (вероятность < 100%) → ведётся в Реестре рисков.
C16: • Проблема — уже произошла, влияет на проект сейчас → ведётся здесь.
C17: • Если риск реализовался, он закрывается в Реестре рисков как «реализовался» и заводится проблема со ссылкой на R-ID.
B19: Состав листов
B20: Реестр проблем | C20: Основной журнал. Одна строка — одна проблема.
B21: Сводка | C21: Аналитика по статусам, приоритету, типу; контроль просроченных.
B22: Справочники | C22: Списки значений для выпадающих полей.
B23: Журнал изменений | C23: Версии документа.
B25: Как заполнять
C26: • ID присваивается при регистрации (ISS-NNN). Описывайте проблему и её влияние конкретно.
C27: • Приоритет определяет срочность; назначайте владельца и срок решения.
C28: • Эскалация: проблемы высокого приоритета или просроченные передаются в УК (см. План управления, р.15).
C29: • Поле «Контроль срока» подсветит просроченные открытые проблемы.
C30: • При закрытии фиксируйте принятое решение и дату.

Sheet Реестр проблем
A1: Реестр проблем (Issue Log)
A2: ISS ID | B2: Дата выявления | C2: Кто выявил | D2: Описание проблемы | E2: Тип | F2: Влияние на проект | G2: Приоритет | H2: Связ. риск (R-ID) | I2: Владелец | J2: Уровень решения | K2: План действий / решение | L2: Срок решения | M2: Контроль срока | N2: Статус | O2: Дата закрытия | P2: Примечание
A3: ISS-001 | B3: [ДД.ММ.ГГГГ] | C3: [ФИО] | D3: Эксперт финслужбы не выделен на проект, согласования простаивают | E3: Ресурсная | F3: Задержка фазы обследования | G3: Высокий | H3: R-001 | I3: [РП] | J3: Управляющий комитет | K3: Эскалация спонсору; закрепление эксперта приказом | L3: [ДД.ММ.ГГГГ] | M3: =IFERROR(IF(A3="","",IF(OR(N3="Закрыта",N3="Решена",N3="Отклонена"),"—",IF(N(L3)=0,"",IF(TODAY()>L3,"Просрочена","В срок")))),"") | N3: Эскалирована | P3: Связано с риском R-001
A4: ISS-002 | B4: [ДД.ММ.ГГГГ] | C4: [ФИО] | D4: В выгрузке из источника обнаружены дубли контрагентов (~[N]%) | E4: Данные/качество | F4: Риск ошибок миграции и консолидации | G4: Высокий | H4: R-002 | I4: [Архитектор данных] | J4: Рабочая группа | K4: Дедупликация по правилам НСИ до пробной миграции | L4: [ДД.ММ.ГГГГ] | M4: =IFERROR(IF(A4="","",IF(OR(N4="Закрыта",N4="Решена",N4="Отклонена"),"—",IF(N(L4)=0,"",IF(TODAY()>L4,"Просрочена","В срок")))),"") | N4: В работе | P4: Передано владельцу НСИ
A5: ISS-003 | B5: [ДД.ММ.ГГГГ] | C5: [ФИО] | D5: Стенд смежной системы (MES) недоступен для интеграционных тестов | E5: Интеграции | F5: Блокирует тестирование интеграции | G5: Критический | H5: R-003 | I5: [Архитектор] | J5: Внешняя сторона | K5: Запрос владельцу системы; согласование окна доступа | L5: [ДД.ММ.ГГГГ] | M5: =IFERROR(IF(A5="","",IF(OR(N5="Закрыта",N5="Решена",N5="Отклонена"),"—",IF(N(L5)=0,"",IF(TODAY()>L5,"Просрочена","В срок")))),"") | N5: Ожидает (внешнее) | P5: Зависимость от внешней стороны
A6: ISS-004 | B6: [ДД.ММ.ГГГГ] | C6: [ФИО] | D6: Расхождение в трактовке методики расчёта себестоимости | E6: Требования | F6: Переделки при разработке | G6: Средний | I6: [Аналитик (производство)] | J6: Рабочая группа | K6: Воркшоп с владельцем процесса; зафиксировать в ЧТЗ | L6: [ДД.ММ.ГГГГ] | M6: =IFERROR(IF(A6="","",IF(OR(N6="Закрыта",N6="Решена",N6="Отклонена"),"—",IF(N(L6)=0,"",IF(TODAY()>L6,"Просрочена","В срок")))),"") -> — | N6: Решена | O6: [ДД.ММ.ГГГГ] | P6: Оформлено через CR-002
M7: =IFERROR(IF(A7="","",IF(OR(N7="Закрыта",N7="Решена",N7="Отклонена"),"—",IF(N(L7)=0,"",IF(TODAY()>L7,"Просрочена","В срок")))),"")
M8: =IFERROR(IF(A8="","",IF(OR(N8="Закрыта",N8="Решена",N8="Отклонена"),"—",IF(N(L8)=0,"",IF(TODAY()>L8,"Просрочена","В срок")))),"")
M9: =IFERROR(IF(A9="","",IF(OR(N9="Закрыта",N9="Решена",N9="Отклонена"),"—",IF(N(L9)=0,"",IF(TODAY()>L9,"Просрочена","В срок")))),"")
M10: =IFERROR(IF(A10="","",IF(OR(N10="Закрыта",N10="Решена",N10="Отклонена"),"—",IF(N(L10)=0,"",IF(TODAY()>L10,"Просрочена","В срок")))),"")
M11: =IFERROR(IF(A11="","",IF(OR(N11="Закрыта",N11="Решена",N11="Отклонена"),"—",IF(N(L11)=0,"",IF(TODAY()>L11,"Просрочена","В срок")))),"")
M12: =IFERROR(IF(A12="","",IF(OR(N12="Закрыта",N12="Решена",N12="Отклонена"),"—",IF(N(L12)=0,"",IF(TODAY()>L12,"Просрочена","В срок")))),"")
M13: =IFERROR(IF(A13="","",IF(OR(N13="Закрыта",N13="Решена",N13="Отклонена"),"—",IF(N(L13)=0,"",IF(TODAY()>L13,"Просрочена","В срок")))),"")
M14: =IFERROR(IF(A14="","",IF(OR(N14="Закрыта",N14="Решена",N14="Отклонена"),"—",IF(N(L14)=0,"",IF(TODAY()>L14,"Просрочена","В срок")))),"")
M15: =IFERROR(IF(A15="","",IF(OR(N15="Закрыта",N15="Решена",N15="Отклонена"),"—",IF(N(L15)=0,"",IF(TODAY()>L15,"Просрочена","В срок")))),"")
M16: =IFERROR(IF(A16="","",IF(OR(N16="Закрыта",N16="Решена",N16="Отклонена"),"—",IF(N(L16)=0,"",IF(TODAY()>L16,"Просрочена","В срок")))),"")
M17: =IFERROR(IF(A17="","",IF(OR(N17="Закрыта",N17="Решена",N17="Отклонена"),"—",IF(N(L17)=0,"",IF(TODAY()>L17,"Просрочена","В срок")))),"")
M18: =IFERROR(IF(A18="","",IF(OR(N18="Закрыта",N18="Решена",N18="Отклонена"),"—",IF(N(L18)=0,"",IF(TODAY()>L18,"Просрочена","В срок")))),"")
... M122: =IFERROR(IF(A122="","",IF(OR(N122="Закрыта",N122="Решена",N122="Отклонена"),"—",IF(N(L122)=0,"",IF(TODAY()>L122,"Просрочена","В срок")))),"")

Sheet Сводка
B2: Сводка по проблемам
B3: Считается автоматически по листу «Реестр проблем».
B5: По статусу | E5: По приоритету
B6: Статус | C6: Кол-во | E6: Приоритет | F6: Кол-во
B7: Открыта | C7: =COUNTIF('Реестр проблем'!$N$3:$N$122,"Открыта") -> 0 | E7: Критический | F7: =COUNTIF('Реестр проблем'!$G$3:$G$122,"Критический") -> 1
B8: В работе | C8: =COUNTIF('Реестр проблем'!$N$3:$N$122,"В работе") -> 1 | E8: Высокий | F8: =COUNTIF('Реестр проблем'!$G$3:$G$122,"Высокий") -> 2
B9: Эскалирована | C9: =COUNTIF('Реестр проблем'!$N$3:$N$122,"Эскалирована") -> 1 | E9: Средний | F9: =COUNTIF('Реестр проблем'!$G$3:$G$122,"Средний") -> 1
B10: Ожидает (внешнее) | C10: =COUNTIF('Реестр проблем'!$N$3:$N$122,"Ожидает (внешнее)") -> 1 | E10: Низкий | F10: =COUNTIF('Реестр проблем'!$G$3:$G$122,"Низкий") -> 0
B11: Решена | C11: =COUNTIF('Реестр проблем'!$N$3:$N$122,"Решена") -> 1
B12: Закрыта | C12: =COUNTIF('Реестр проблем'!$N$3:$N$122,"Закрыта") -> 0
B13: Отклонена | C13: =COUNTIF('Реестр проблем'!$N$3:$N$122,"Отклонена") -> 0 | E13: По типу
B14: Всего проблем | C14: =COUNTA('Реестр проблем'!$A$3:$A$122) -> 4 | E14: Тип | F14: Кол-во
B15: Просрочено (открытых) | C15: =COUNTIF('Реестр проблем'!$M$3:$M$122,"Просрочена") -> 0 | E15: Организационная | F15: =COUNTIF('Реестр проблем'!$E$3:$E$122,"Организационная") -> 0
E16: Техническая | F16: =COUNTIF('Реестр проблем'!$E$3:$E$122,"Техническая") -> 0
E17: Ресурсная | F17: =COUNTIF('Реестр проблем'!$E$3:$E$122,"Ресурсная") -> 1
E18: Данные/качество | F18: =COUNTIF('Реестр проблем'!$E$3:$E$122,"Данные/качество") -> 1
E19: Интеграции | F19: =COUNTIF('Реестр проблем'!$E$3:$E$122,"Интеграции") -> 1
E20: НСИ | F20: =COUNTIF('Реестр проблем'!$E$3:$E$122,"НСИ") -> 0
E21: Миграция | F21: =COUNTIF('Реестр проблем'!$E$3:$E$122,"Миграция") -> 0
E22: Внешняя/поставщик | F22: =COUNTIF('Реестр проблем'!$E$3:$E$122,"Внешняя/поставщик") -> 0
E23: Бюджет/сроки | F23: =COUNTIF('Реестр проблем'!$E$3:$E$122,"Бюджет/сроки") -> 0
E24: Требования | F24: =COUNTIF('Реестр проблем'!$E$3:$E$122,"Требования") -> 1

Sheet Справочники
A1: Тип проблемы | B1: Приоритет | C1: Статус | D1: Уровень решения
A2: Организационная | B2: Критический | C2: Открыта | D2: РП
A3: Техническая | B3: Высокий | C3: В работе | D3: Рабочая группа
A4: Ресурсная | B4: Средний | C4: Эскалирована | D4: Управляющий комитет
A5: Данные/качество | B5: Низкий | C5: Ожидает (внешнее) | D5: Спонсор
A6: Интеграции | C6: Решена | D6: Внешняя сторона
A7: НСИ | C7: Закрыта
A8: Миграция | C8: Отклонена
A9: Внешняя/поставщик
A10: Бюджет/сроки
A11: Требования

Sheet Журнал изменений
A1: Журнал изменений документа
A2: Версия | B2: Дата | C2: Описание изменений | D2: Автор
A3: 0.1 | B3: ДД.ММ.ГГГГ | C3: Создание документа | D3: ФИО
