Workbook

Sheet Инструкция
B2: РЕЕСТР ПЕРЕДАННЫХ АКТИВОВ
B3: Итоговый состав поставки — что передаётся Заказчику при закрытии проекта
B5: Проект: | C5: [Наименование проекта]
B6: Заказчик: | C6: [Компания-Заказчик]
B7: Версия документа: | C7: [0.1]
B8: Дата: | C8: [ДД.ММ.ГГГГ]
B9: Владелец документа: | C9: [Руководитель проекта]
B11: Назначение
C12: Реестр фиксирует итоговый состав поставки — все активы, передаваемые Заказчику при закрытии проекта: документацию, конфигурацию и доработки, доступы, учётные записи, лицензии, результаты миграции. Подтверждает полноту передачи и служит приложением к Протоколу завершения проекта и Актам сдачи-приёмки.
B14: Состав листов
B15: Реестр активов | C15: Основной перечень передаваемых активов.
B16: Сводка | C16: Аналитика по типам и статусу передачи.
B17: Справочники | C17: Списки значений для выпадающих полей.
B18: Журнал изменений | C18: Версии документа.
B20: Как заполнять
C21: • По каждому активу укажите тип, наименование, форму передачи (где/как передан) и ответственного приёма.
C22: • Статус передачи: Передан / Готов к передаче / Не передан. Подтверждение — ссылка на акт/расписку.
C23: • Поле «Контроль» подсветит активы, ещё не переданные (для контроля полноты закрытия).
C24: • Реестр прикладывается к Протоколу завершения проекта; передача фиксируется подписью в Акте.

Sheet Реестр активов
A1: Реестр переданных активов
A2: № | B2: Актив (наименование) | C2: Тип | D2: Описание / состав | E2: Форма передачи | F2: Куда передан / расположение | G2: Статус передачи | H2: Контроль | I2: Принял (роль/ФИО) | J2: Подтверждение (акт) | K2: Примечание
A3: 1 | B3: Комплект проектной документации | C3: Документация | D3: Все согласованные документы проекта (по реестру документов) | E3: Репозиторий/хранилище | F3: [ссылка/путь] | G3: Передан | H3: =IF(A3="","",IF(OR(G3="Передан",G3="Не требуется"),"OK",IF(G3="","","Не передан"))) -> OK | I3: [ФИО, ИТ-служба] | J3: [Акт №…]
A4: 2 | B4: Конфигурация Системы (релиз) | C4: Конфигурация/код | D4: Финальная версия конфигурации 1С:ERP+УХ | E4: Репозиторий/хранилище | F4: [хранилище конфигурации] | G4: Передан | H4: =IF(A4="","",IF(OR(G4="Передан",G4="Не требуется"),"OK",IF(G4="","","Не передан"))) -> OK | I4: [Администратор] | J4: [Акт №…] | K4: Версия из Журнала версий
A5: 3 | B5: Доработки и расширения | C5: Доработки/расширения | D5: Файлы расширений, внешние обработки/отчёты | E5: Репозиторий/хранилище | F5: [путь] | G5: Передан | H5: =IF(A5="","",IF(OR(G5="Передан",G5="Не требуется"),"OK",IF(G5="","","Не передан"))) -> OK | I5: [Администратор] | J5: [Акт №…] | K5: Связ. с Реестром доработок
A6: 4 | B6: Учётные записи и доступы | C6: Доступы/учётные записи | D6: Администраторские и сервисные УЗ, пароли | E6: Передача доступа | F6: [передано лично/в сейф-хранилище] | G6: Готов к передаче | H6: =IF(A6="","",IF(OR(G6="Передан",G6="Не требуется"),"OK",IF(G6="","","Не передан"))) -> Не передан | I6: [ИТ-служба] | J6: [расписка] | K6: Смена паролей при передаче
A7: 5 | B7: Результаты миграции данных | C7: Результаты миграции | D7: Протоколы миграции и сверки, перенесённые данные в продуктиве | E7: Портал проекта | F7: [ссылка] | G7: Передан | H7: =IF(A7="","",IF(OR(G7="Передан",G7="Не требуется"),"OK",IF(G7="","","Не передан"))) -> OK | I7: [Архитектор данных] | J7: [Протокол сверки]
A8: 6 | B8: Учебные материалы | C8: Учебные материалы | D8: Курсы, инструкции, записи обучения | E8: Портал проекта | F8: [ссылка] | G8: Передан | H8: =IF(A8="","",IF(OR(G8="Передан",G8="Не требуется"),"OK",IF(G8="","","Не передан"))) -> OK | I8: [Тренер] | J8: [Акт №…]
A9: 7 | B9: Лицензии 1С | C9: Лицензии | D9: Лицензии на платформу и конфигурации | E9: Акт-расписка | F9: [передано] | G9: Не передан | H9: =IF(A9="","",IF(OR(G9="Передан",G9="Не требуется"),"OK",IF(G9="","","Не передан"))) -> Не передан | I9: [ИТ-служба] | J9: [Акт №…] | K9: [уточнить состав]
H10: =IF(A10="","",IF(OR(G10="Передан",G10="Не требуется"),"OK",IF(G10="","","Не передан")))
H11: =IF(A11="","",IF(OR(G11="Передан",G11="Не требуется"),"OK",IF(G11="","","Не передан")))
H12: =IF(A12="","",IF(OR(G12="Передан",G12="Не требуется"),"OK",IF(G12="","","Не передан")))
H13: =IF(A13="","",IF(OR(G13="Передан",G13="Не требуется"),"OK",IF(G13="","","Не передан")))
H14: =IF(A14="","",IF(OR(G14="Передан",G14="Не требуется"),"OK",IF(G14="","","Не передан")))
H15: =IF(A15="","",IF(OR(G15="Передан",G15="Не требуется"),"OK",IF(G15="","","Не передан")))
H16: =IF(A16="","",IF(OR(G16="Передан",G16="Не требуется"),"OK",IF(G16="","","Не передан")))
H17: =IF(A17="","",IF(OR(G17="Передан",G17="Не требуется"),"OK",IF(G17="","","Не передан")))
H18: =IF(A18="","",IF(OR(G18="Передан",G18="Не требуется"),"OK",IF(G18="","","Не передан")))
H19: =IF(A19="","",IF(OR(G19="Передан",G19="Не требуется"),"OK",IF(G19="","","Не передан")))
H20: =IF(A20="","",IF(OR(G20="Передан",G20="Не требуется"),"OK",IF(G20="","","Не передан")))
H21: =IF(A21="","",IF(OR(G21="Передан",G21="Не требуется"),"OK",IF(G21="","","Не передан")))
... H82: =IF(A82="","",IF(OR(G82="Передан",G82="Не требуется"),"OK",IF(G82="","","Не передан")))

Sheet Сводка
B2: Сводка по передаче активов
B3: Считается автоматически по листу «Реестр активов».
B5: По статусу передачи | E5: По типу актива
B6: Статус | C6: Кол-во | E6: Тип | F6: Кол-во
B7: Передан | C7: =COUNTIF('Реестр активов'!$G$3:$G$82,"Передан") -> 5 | E7: Документация | F7: =COUNTIF('Реестр активов'!$C$3:$C$82,"Документация") -> 1
B8: Готов к передаче | C8: =COUNTIF('Реестр активов'!$G$3:$G$82,"Готов к передаче") -> 1 | E8: Конфигурация/код | F8: =COUNTIF('Реестр активов'!$C$3:$C$82,"Конфигурация/код") -> 1
B9: Не передан | C9: =COUNTIF('Реестр активов'!$G$3:$G$82,"Не передан") -> 1 | E9: Доработки/расширения | F9: =COUNTIF('Реестр активов'!$C$3:$C$82,"Доработки/расширения") -> 1
B10: Не требуется | C10: =COUNTIF('Реестр активов'!$G$3:$G$82,"Не требуется") -> 0 | E10: База данных | F10: =COUNTIF('Реестр активов'!$C$3:$C$82,"База данных") -> 0
B11: Всего активов | C11: =COUNTA('Реестр активов'!$A$3:$A$82) -> 7 | E11: Доступы/учётные записи | F11: =COUNTIF('Реестр активов'!$C$3:$C$82,"Доступы/учётные записи") -> 1
B12: Не передано (контроль) | C12: =COUNTIF('Реестр активов'!$H$3:$H$82,"Не передан") -> 2 | E12: Лицензии | F12: =COUNTIF('Реестр активов'!$C$3:$C$82,"Лицензии") -> 1
B13: % переданных | C13: =IFERROR(COUNTIF('Реестр активов'!$G$3:$G$82,"Передан")/COUNTA('Реестр активов'!$A$3:$A$82),0) -> 0.71428571 | E13: Результаты миграции | F13: =COUNTIF('Реестр активов'!$C$3:$C$82,"Результаты миграции") -> 1
E14: Учебные материалы | F14: =COUNTIF('Реестр активов'!$C$3:$C$82,"Учебные материалы") -> 1
E15: Исходные материалы | F15: =COUNTIF('Реестр активов'!$C$3:$C$82,"Исходные материалы") -> 0
E16: Прочее | F16: =COUNTIF('Реестр активов'!$C$3:$C$82,"Прочее") -> 0

Sheet Справочники
A1: Тип актива | B1: Форма передачи | C1: Статус передачи
A2: Документация | B2: Репозиторий/хранилище | C2: Передан
A3: Конфигурация/код | B3: Физический носитель | C3: Готов к передаче
A4: Доработки/расширения | B4: Эл. почта | C4: Не передан
A5: База данных | B5: Портал проекта | C5: Не требуется
A6: Доступы/учётные записи | B6: Передача доступа
A7: Лицензии | B7: Акт-расписка
A8: Результаты миграции
A9: Учебные материалы
A10: Исходные материалы
A11: Прочее

Sheet Журнал изменений
A1: Журнал изменений документа
A2: Версия | B2: Дата | C2: Описание изменений | D2: Автор
A3: 0.1 | B3: ДД.ММ.ГГГГ | C3: Создание документа | D3: ФИО
