Workbook

Sheet Инструкция
B2: МАТРИЦА ТРАССИРОВКИ ТРЕБОВАНИЙ (RTM)
B3: Requirements Traceability Matrix — разработана на основе PMBOK Guide (8th edition)
B5: Проект: | C5: [Наименование проекта]
B6: Заказчик: | C6: [Компания-Заказчик]
B7: Версия документа: | C7: [0.1]
B8: Дата: | C8: [ДД.ММ.ГГГГ]
B9: Владелец документа: | C9: [Аналитик / Руководитель проекта]
B11: Назначение
C12: Матрица обеспечивает сквозную прослеживаемость: бизнес-цель → требование → результат → проектное решение (ЧТЗ) → тест-кейс → критерий приёмки. Позволяет контролировать полноту покрытия (каждое требование протестировано и привязано к цели) и оценивать влияние изменений. Это «живой» документ.
B14: Состав листов
B15: RTM | C15: Основная матрица. Одна строка — одно требование со всей цепочкой трассировки.
B16: Сводка покрытия | C16: Автоматические индикаторы полноты: требования без тестов, без цели, по статусам/приоритетам.
B17: Справочники | C17: Списки значений для выпадающих полей.
B18: Журнал изменений | C18: Регистрация версий документа.
B20: Как заполнять
C21: • Каждому требованию присваивается уникальный ID (REQ-NNN). Тип: бизнес / функциональное / нефункциональное / переходное.
C22: • Связь с целью (ID цели из Устава, раздел 4) — трассировка «назад» к обоснованию. Требование без цели подсвечивается.
C23: • Связь с результатом (deliverable), ЧТЗ и подсистемой — трассировка к решению.
C24: • Связь с тест-кейсом (ID) и критерием приёмки — трассировка «вперёд» к проверке. Требование без теста подсвечивается.
C25: • Столбцы «✓ Цель» и «✓ Тест» считаются автоматически: «—» (красным) означает разрыв трассировки, требующий внимания.
C26: • Статус ведите по жизненному циклу требования: Предложено → Согласовано → Реализуется → Реализовано → Проверено → Отклонено.

Sheet RTM
A1: Матрица трассировки требований
A2: REQ ID | B2: Требование (формулировка) | C2: Тип | D2: Приоритет | E2: Подсистема | F2: Источник | G2: ← Цель (Устав р.4) | H2: ← Результат (Deliverable) | I2: → Решение / ЧТЗ | J2: → Тест-кейс (ID) | K2: → Критерий приёмки | L2: ✓ Цель | M2: ✓ Тест | N2: Статус | O2: Владелец | P2: Примечание
A3: REQ-001 | B3: Система обеспечивает единый план счетов и учётную политику для всех юрлиц холдинга | C3: Бизнес-требование | D3: Must | E3: Регламентированный учёт | F3: Устав | G3: G-01 | H3: Работающая конфигурация | I3: ЧТЗ-02 | J3: TC-015 | K3: Консолидация формируется без ручных корректировок | L3: =IF(A3="","",IF(G3<>"","✓","—")) -> ✓ | M3: =IF(A3="","",IF(J3<>"","✓","—")) -> ✓ | N3: Согласовано | O3: [Владелец процесса]
A4: REQ-002 | B4: Система рассчитывает фактическую себестоимость продукции по полному производственному циклу | C4: Функциональное | D4: Must | E4: Производство | F4: Обследование | G4: G-03 | H4: Работающая конфигурация | I4: ЧТЗ-04 | J4: TC-031 | K4: Расчёт совпадает с эталоном на тестовых данных | L4: =IF(A4="","",IF(G4<>"","✓","—")) -> ✓ | M4: =IF(A4="","",IF(J4<>"","✓","—")) -> ✓ | N4: Реализуется | O4: [Владелец процесса]
A5: REQ-003 | B5: Система формирует консолидированную отчётность холдинга в срок не более [N] раб. дней | C5: Нефункциональное | D5: Must | E5: Консолидация (1С:УХ) | F5: Устав | G5: G-02 | H5: Работающая конфигурация | I5: ЧТЗ-03 | J5: TC-040 | K5: Закрытие периода ≤ N дней на приёмочных данных | L5: =IF(A5="","",IF(G5<>"","✓","—")) -> ✓ | M5: =IF(A5="","",IF(J5<>"","✓","—")) -> ✓ | N5: Предложено | O5: [Финансовая служба]
A6: REQ-004 | B6: Система обеспечивает обмен данными с MES в режиме [онлайн/пакетный] с гарантированной доставкой | C6: Функциональное | D6: Should | E6: Интеграции | F6: Воркшоп | G6: G-03 | H6: Реализованные интеграции | I6: ЧТЗ-11 (интеграция MES) | J6: TC-052 | K6: Контрольная сверка объёмов обмена без расхождений | L6: =IF(A6="","",IF(G6<>"","✓","—")) -> ✓ | M6: =IF(A6="","",IF(J6<>"","✓","—")) -> ✓ | N6: Предложено | O6: [Архитектор]
A7: REQ-005 | B7: Перенос остатков из систем-источников выполняется с обязательной сверкой и подтверждением | C7: Переходное (миграция/обучение) | D7: Must | E7: Миграция | F7: Обследование | G7: G-01 | H7: Перенесённые данные | I7: Концепция миграции | J7: TC-070 | K7: Протокол сверки подписан владельцами данных | L7: =IF(A7="","",IF(G7<>"","✓","—")) -> ✓ | M7: =IF(A7="","",IF(J7<>"","✓","—")) -> ✓ | N7: Согласовано | O7: [Архитектор данных]
A8: REQ-006 | B8: Время отклика ключевых операций не превышает [X] сек при пиковой нагрузке [Y] польз. | C8: Нефункциональное | D8: Should | E8: Общесистемное | F8: Регламент Заказчика | H8: Работающая конфигурация | I8: Проектные решения | J8: TC-085 | K8: Нагрузочный тест подтверждает целевые значения | L8: =IF(A8="","",IF(G8<>"","✓","—")) -> — | M8: =IF(A8="","",IF(J8<>"","✓","—")) -> ✓ | N8: Предложено | O8: [ИТ-служба] | P8: Нет привязки к цели — проверить
L9: =IF(A9="","",IF(G9<>"","✓","—")) | M9: =IF(A9="","",IF(J9<>"","✓","—"))
L10: =IF(A10="","",IF(G10<>"","✓","—")) | M10: =IF(A10="","",IF(J10<>"","✓","—"))
L11: =IF(A11="","",IF(G11<>"","✓","—")) | M11: =IF(A11="","",IF(J11<>"","✓","—"))
L12: =IF(A12="","",IF(G12<>"","✓","—")) | M12: =IF(A12="","",IF(J12<>"","✓","—"))
L13: =IF(A13="","",IF(G13<>"","✓","—")) | M13: =IF(A13="","",IF(J13<>"","✓","—"))
L14: =IF(A14="","",IF(G14<>"","✓","—")) | M14: =IF(A14="","",IF(J14<>"","✓","—"))
L15: =IF(A15="","",IF(G15<>"","✓","—")) | M15: =IF(A15="","",IF(J15<>"","✓","—"))
L16: =IF(A16="","",IF(G16<>"","✓","—")) | M16: =IF(A16="","",IF(J16<>"","✓","—"))
L17: =IF(A17="","",IF(G17<>"","✓","—")) | M17: =IF(A17="","",IF(J17<>"","✓","—"))
L18: =IF(A18="","",IF(G18<>"","✓","—")) | M18: =IF(A18="","",IF(J18<>"","✓","—"))
L19: =IF(A19="","",IF(G19<>"","✓","—")) | M19: =IF(A19="","",IF(J19<>"","✓","—"))
L20: =IF(A20="","",IF(G20<>"","✓","—")) | M20: =IF(A20="","",IF(J20<>"","✓","—"))
... L152: =IF(A152="","",IF(G152<>"","✓","—")) | M152: =IF(A152="","",IF(J152<>"","✓","—"))

Sheet Сводка покрытия
B2: Сводка покрытия требований
B3: Считается автоматически по листу «RTM». Контроль полноты трассировки.
B5: Полнота трассировки | E5: По приоритету (MoSCoW)
B6: Всего требований | C6: =COUNTA(RTM!$A$3:$A$152) -> 6 | E6: Приоритет | F6: Кол-во
B7: Привязано к цели (✓) | C7: =COUNTIF(RTM!$L$3:$L$152,"✓") -> 5 | E7: Must | F7: =COUNTIF(RTM!$D$3:$D$152,"Must") -> 4
B8: Без привязки к цели (—) | C8: =COUNTIF(RTM!$L$3:$L$152,"—") -> 1 | E8: Should | F8: =COUNTIF(RTM!$D$3:$D$152,"Should") -> 2
B9: Покрыто тестом (✓) | C9: =COUNTIF(RTM!$M$3:$M$152,"✓") -> 6 | E9: Could | F9: =COUNTIF(RTM!$D$3:$D$152,"Could") -> 0
B10: Не покрыто тестом (—) | C10: =COUNTIF(RTM!$M$3:$M$152,"—") -> 0 | E10: Won't (этой волны) | F10: =COUNTIF(RTM!$D$3:$D$152,"Won't (этой волны)") -> 0
B11: % покрытия тестами | C11: =IFERROR(COUNTIF(RTM!$M$3:$M$152,"✓")/COUNTA(RTM!$A$3:$A$152),0) -> 1
B14: По статусу | E14: По подсистеме
B15: Статус | C15: Кол-во | E15: Подсистема | F15: Кол-во
B16: Предложено | C16: =COUNTIF(RTM!$N$3:$N$152,"Предложено") -> 3 | E16: Финансы и казначейство | F16: =COUNTIF(RTM!$E$3:$E$152,"Финансы и казначейство") -> 0
B17: Согласовано | C17: =COUNTIF(RTM!$N$3:$N$152,"Согласовано") -> 2 | E17: Регламентированный учёт | F17: =COUNTIF(RTM!$E$3:$E$152,"Регламентированный учёт") -> 1
B18: Реализуется | C18: =COUNTIF(RTM!$N$3:$N$152,"Реализуется") -> 1 | E18: Консолидация (1С:УХ) | F18: =COUNTIF(RTM!$E$3:$E$152,"Консолидация (1С:УХ)") -> 1
B19: Реализовано | C19: =COUNTIF(RTM!$N$3:$N$152,"Реализовано") -> 0 | E19: Производство | F19: =COUNTIF(RTM!$E$3:$E$152,"Производство") -> 1
B20: Проверено | C20: =COUNTIF(RTM!$N$3:$N$152,"Проверено") -> 0 | E20: Закупки/склад | F20: =COUNTIF(RTM!$E$3:$E$152,"Закупки/склад") -> 0
B21: Отклонено | C21: =COUNTIF(RTM!$N$3:$N$152,"Отклонено") -> 0 | E21: Продажи | F21: =COUNTIF(RTM!$E$3:$E$152,"Продажи") -> 0
B22: Отложено | C22: =COUNTIF(RTM!$N$3:$N$152,"Отложено") -> 0 | E22: HR/ЗП | F22: =COUNTIF(RTM!$E$3:$E$152,"HR/ЗП") -> 0
E23: НСИ | F23: =COUNTIF(RTM!$E$3:$E$152,"НСИ") -> 0
E24: Интеграции | F24: =COUNTIF(RTM!$E$3:$E$152,"Интеграции") -> 1
E25: Миграция | F25: =COUNTIF(RTM!$E$3:$E$152,"Миграция") -> 1
E26: Общесистемное | F26: =COUNTIF(RTM!$E$3:$E$152,"Общесистемное") -> 1

Sheet Справочники
A1: Тип требования | B1: Приоритет (MoSCoW) | C1: Подсистема | D1: Статус | E1: Источник
A2: Бизнес-требование | B2: Must | C2: Финансы и казначейство | D2: Предложено | E2: Устав
A3: Функциональное | B3: Should | C3: Регламентированный учёт | D3: Согласовано | E3: Обследование
A4: Нефункциональное | B4: Could | C4: Консолидация (1С:УХ) | D4: Реализуется | E4: Воркшоп
A5: Переходное (миграция/обучение) | B5: Won't (этой волны) | C5: Производство | D5: Реализовано | E5: Регламент Заказчика
A6: Требование к решению | C6: Закупки/склад | D6: Проверено | E6: Законодательство
A7: Требование к проекту | C7: Продажи | D7: Отклонено | E7: Вендор 1С
C8: HR/ЗП | D8: Отложено | E8: Заинтересованная сторона
C9: НСИ
C10: Интеграции
C11: Миграция
C12: Общесистемное

Sheet Журнал изменений
A1: Журнал изменений документа
A2: Версия | B2: Дата | C2: Описание изменений | D2: Автор
A3: 0.1 | B3: ДД.ММ.ГГГГ | C3: Создание документа | D3: ФИО
