Workbook

Sheet Инструкция
B2: ЖУРНАЛ ЗАМЕЧАНИЙ ПЕРИОДА ОПЭ
B3: OPE Issue Log — учёт замечаний опытно-промышленной эксплуатации
B5: Проект: | C5: [Наименование проекта]
B6: Заказчик: | C6: [Компания-Заказчик]
B7: Версия документа: | C7: [0.1]
B8: Дата: | C8: [ДД.ММ.ГГГГ]
B9: Владелец документа: | C9: [Руководитель проекта]
B11: Назначение
C12: Журнал фиксирует замечания пользователей и команды в период опытно-промышленной эксплуатации (ОПЭ): их категорию, приоритет, способ обработки и статус. Категоризация отделяет дефекты (→ Журнал дефектов), вопросы обучения и потребности в доработках (→ Реестр запросов на изменение). Сводка питает критерии завершения ОПЭ.
B14: Состав листов
B15: Журнал замечаний | C15: Основной журнал. Одна строка — одно замечание.
B16: Сводка | C16: Аналитика по категориям, приоритету, статусам; контроль критериев завершения ОПЭ.
B17: Справочники | C17: Списки значений.
B18: Журнал изменений | C18: Версии документа.
B20: Как заполнять
C21: • ID: OPE-NNN. Категория определяет маршрут: Дефект → Журнал дефектов (BUG); Доработка → Реестр CR/доработок.
C22: • Приоритет: Критический / Высокий / Средний / Низкий.
C23: • Статус: Открыто → В работе → Решено → Закрыто / Отклонено.
C24: • Поле «Контроль срока» подсветит просроченные открытые замечания.
C25: • Критический критерий завершения ОПЭ: открытых критических замечаний = 0 (см. Регламент ОПЭ, р.6).

Sheet Журнал замечаний
A1: Журнал замечаний периода ОПЭ
A2: OPE ID | B2: Дата | C2: Кто подал | D2: Подразделение / ЮЛ | E2: Описание замечания | F2: Категория | G2: Подсистема | H2: Приоритет | I2: Способ обработки / связь | J2: Ответственный | K2: Срок | L2: Контроль срока | M2: Статус | N2: Дата закрытия | O2: Примечание
A3: OPE-001 | B3: [ДД.ММ.ГГГГ] | C3: [ФИО] | D3: [Бухгалтерия ЮЛ-1] | E3: Не находит контрагента при вводе документа | F3: Данные/НСИ | G3: Регламентированный учёт | H3: Высокий | I3: Проверка НСИ; дозагрузка | J3: [Архитектор данных] | K3: [ДД.ММ.ГГГГ] | L3: =IFERROR(IF(A3="","",IF(OR(M3="Закрыто",M3="Решено",M3="Отклонено"),"—",IF(N(K3)=0,"",IF(TODAY()>K3,"Просрочено","В срок")))),"") | M3: В работе
A4: OPE-002 | B4: [ДД.ММ.ГГГГ] | C4: [ФИО] | D4: [Производство] | E4: Непонятно, как закрыть смену | F4: Вопрос обучения | G4: Производство | H4: Средний | I4: Консультация + памятка | J4: [Тренер] | K4: [ДД.ММ.ГГГГ] | L4: =IFERROR(IF(A4="","",IF(OR(M4="Закрыто",M4="Решено",M4="Отклонено"),"—",IF(N(K4)=0,"",IF(TODAY()>K4,"Просрочено","В срок")))),"") -> — | M4: Решено | N4: [ДД.ММ.ГГГГ]
A5: OPE-003 | B5: [ДД.ММ.ГГГГ] | C5: [ФИО] | D5: [Финансы] | E5: Ошибка при проведении платежа | F5: Дефект | G5: Финансы и казначейство | H5: Критический | I5: → Журнал дефектов (BUG-014) | J5: [QA] | K5: [ДД.ММ.ГГГГ] | L5: =IFERROR(IF(A5="","",IF(OR(M5="Закрыто",M5="Решено",M5="Отклонено"),"—",IF(N(K5)=0,"",IF(TODAY()>K5,"Просрочено","В срок")))),"") | M5: Открыто
A6: OPE-004 | B6: [ДД.ММ.ГГГГ] | C6: [ФИО] | D6: [Продажи] | E6: Нужен доп. реквизит в форме заказа | F6: Потребность в доработке | G6: Продажи | H6: Средний | I6: → Реестр CR (CR-005) | J6: [РП] | K6: [ДД.ММ.ГГГГ] | L6: =IFERROR(IF(A6="","",IF(OR(M6="Закрыто",M6="Решено",M6="Отклонено"),"—",IF(N(K6)=0,"",IF(TODAY()>K6,"Просрочено","В срок")))),"") | M6: Открыто
L7: =IFERROR(IF(A7="","",IF(OR(M7="Закрыто",M7="Решено",M7="Отклонено"),"—",IF(N(K7)=0,"",IF(TODAY()>K7,"Просрочено","В срок")))),"")
L8: =IFERROR(IF(A8="","",IF(OR(M8="Закрыто",M8="Решено",M8="Отклонено"),"—",IF(N(K8)=0,"",IF(TODAY()>K8,"Просрочено","В срок")))),"")
L9: =IFERROR(IF(A9="","",IF(OR(M9="Закрыто",M9="Решено",M9="Отклонено"),"—",IF(N(K9)=0,"",IF(TODAY()>K9,"Просрочено","В срок")))),"")
L10: =IFERROR(IF(A10="","",IF(OR(M10="Закрыто",M10="Решено",M10="Отклонено"),"—",IF(N(K10)=0,"",IF(TODAY()>K10,"Просрочено","В срок")))),"")
L11: =IFERROR(IF(A11="","",IF(OR(M11="Закрыто",M11="Решено",M11="Отклонено"),"—",IF(N(K11)=0,"",IF(TODAY()>K11,"Просрочено","В срок")))),"")
L12: =IFERROR(IF(A12="","",IF(OR(M12="Закрыто",M12="Решено",M12="Отклонено"),"—",IF(N(K12)=0,"",IF(TODAY()>K12,"Просрочено","В срок")))),"")
L13: =IFERROR(IF(A13="","",IF(OR(M13="Закрыто",M13="Решено",M13="Отклонено"),"—",IF(N(K13)=0,"",IF(TODAY()>K13,"Просрочено","В срок")))),"")
L14: =IFERROR(IF(A14="","",IF(OR(M14="Закрыто",M14="Решено",M14="Отклонено"),"—",IF(N(K14)=0,"",IF(TODAY()>K14,"Просрочено","В срок")))),"")
L15: =IFERROR(IF(A15="","",IF(OR(M15="Закрыто",M15="Решено",M15="Отклонено"),"—",IF(N(K15)=0,"",IF(TODAY()>K15,"Просрочено","В срок")))),"")
L16: =IFERROR(IF(A16="","",IF(OR(M16="Закрыто",M16="Решено",M16="Отклонено"),"—",IF(N(K16)=0,"",IF(TODAY()>K16,"Просрочено","В срок")))),"")
L17: =IFERROR(IF(A17="","",IF(OR(M17="Закрыто",M17="Решено",M17="Отклонено"),"—",IF(N(K17)=0,"",IF(TODAY()>K17,"Просрочено","В срок")))),"")
L18: =IFERROR(IF(A18="","",IF(OR(M18="Закрыто",M18="Решено",M18="Отклонено"),"—",IF(N(K18)=0,"",IF(TODAY()>K18,"Просрочено","В срок")))),"")
... L252: =IFERROR(IF(A252="","",IF(OR(M252="Закрыто",M252="Решено",M252="Отклонено"),"—",IF(N(K252)=0,"",IF(TODAY()>K252,"Просрочено","В срок")))),"")

Sheet Сводка
B2: Сводка по замечаниям ОПЭ
B3: Считается автоматически по листу «Журнал замечаний».
B5: По категории | E5: По статусу
B6: Категория | C6: Кол-во | E6: Статус | F6: Кол-во
B7: Дефект | C7: =COUNTIF('Журнал замечаний'!$F$3:$F$252,"Дефект") -> 1 | E7: Открыто | F7: =COUNTIF('Журнал замечаний'!$M$3:$M$252,"Открыто") -> 2
B8: Вопрос обучения | C8: =COUNTIF('Журнал замечаний'!$F$3:$F$252,"Вопрос обучения") -> 1 | E8: В работе | F8: =COUNTIF('Журнал замечаний'!$M$3:$M$252,"В работе") -> 1
B9: Потребность в доработке | C9: =COUNTIF('Журнал замечаний'!$F$3:$F$252,"Потребность в доработке") -> 1 | E9: Решено | F9: =COUNTIF('Журнал замечаний'!$M$3:$M$252,"Решено") -> 1
B10: Данные/НСИ | C10: =COUNTIF('Журнал замечаний'!$F$3:$F$252,"Данные/НСИ") -> 1 | E10: Закрыто | F10: =COUNTIF('Журнал замечаний'!$M$3:$M$252,"Закрыто") -> 0
B11: Производительность | C11: =COUNTIF('Журнал замечаний'!$F$3:$F$252,"Производительность") -> 0 | E11: Отклонено | F11: =COUNTIF('Журнал замечаний'!$M$3:$M$252,"Отклонено") -> 0
B12: Организационное | C12: =COUNTIF('Журнал замечаний'!$F$3:$F$252,"Организационное") -> 0
B13: Прочее | C13: =COUNTIF('Журнал замечаний'!$F$3:$F$252,"Прочее") -> 0
B14: Всего замечаний | C14: =COUNTA('Журнал замечаний'!$A$3:$A$252) -> 4 | E14: Критерий завершения ОПЭ: открытых критических = 0 (Регламент ОПЭ, р.6).
B15: Открытых критических | C15: =COUNTIFS('Журнал замечаний'!$H$3:$H$252,"Критический",'Журнал замечаний'!$M$3:$M$252,"<>Закрыто",'Журнал замечаний'!$M$3:$M$252,"<>Решено",'Журнал замечаний'!$M$3:$M$252,"<>Отклонено") -> 1
B16: Просрочено | C16: =COUNTIF('Журнал замечаний'!$L$3:$L$252,"Просрочено") -> 0

Sheet Справочники
A1: Категория | B1: Приоритет | C1: Статус | D1: Подсистема
A2: Дефект | B2: Критический | C2: Открыто | D2: Финансы и казначейство
A3: Вопрос обучения | B3: Высокий | C3: В работе | D3: Регламентированный учёт
A4: Потребность в доработке | B4: Средний | C4: Решено | D4: Консолидация (1С:УХ)
A5: Данные/НСИ | B5: Низкий | C5: Закрыто | D5: Производство
A6: Производительность | C6: Отклонено | D6: Закупки/склад
A7: Организационное | D7: Продажи
A8: Прочее | D8: HR/ЗП
D9: НСИ
D10: Интеграции
D11: Общесистемное

Sheet Журнал изменений
A1: Журнал изменений документа
A2: Версия | B2: Дата | C2: Описание изменений | D2: Автор
A3: 0.1 | B3: ДД.ММ.ГГГГ | C3: Создание документа | D3: ФИО
