Workbook

Sheet Инструкция
B2: ЖУРНАЛ ДЕФЕКТОВ
B3: Bug Tracking Log — учёт дефектов по результатам тестирования
B5: Проект: | C5: [Наименование проекта]
B6: Заказчик: | C6: [Компания-Заказчик]
B7: Версия документа: | C7: [0.1]
B8: Дата: | C8: [ДД.ММ.ГГГГ]
B9: Владелец документа: | C9: [Руководитель тестирования / QA]
B11: Назначение
C12: Журнал ведёт учёт дефектов, выявленных при тестировании и в ОПЭ: их серьёзность, статус устранения, связь с тест-кейсами и требованиями. Классификация серьёзности и SLA согласованы с Планом тестирования (раздел 6). Реализовавшиеся системные проблемы могут эскалироваться в Issue Log.
B14: Состав листов
B15: Журнал дефектов | C15: Основной журнал. Одна строка — один дефект.
B16: Сводка | C16: Аналитика по серьёзности, статусам; контроль SLA и просрочки.
B17: Справочники | C17: Списки значений для выпадающих полей.
B18: Журнал изменений | C18: Версии документа.
B20: Как заполнять
C21: • ID: BUG-NNN. Связывайте с тест-кейсом (TC) и требованием (REQ) — трассировка к источнику.
C22: • Серьёзность: Блокирующий / Критический / Значительный / Незначительный (как в Плане тестирования).
C23: • Статус по жизненному циклу: Открыт → Назначен → Исправлен → Проверен → Закрыт / Отклонён / Отложен.
C24: • Указывайте срок устранения по SLA серьёзности; поле «Контроль SLA» подсветит просроченные.
C25: • Для блокирующих/критических — приоритетное устранение перед приёмкой (критерий выхода тестирования).

Sheet Журнал дефектов
A1: Журнал дефектов
A2: BUG ID | B2: Дата выявления | C2: Кто выявил | D2: Краткое описание | E2: Шаги воспроизведения | F2: Серьёзность | G2: Приоритет | H2: Уровень тестир. | I2: Подсистема | J2: Связ. тест-кейс (TC) | K2: Связ. требование (REQ) | L2: Назначен на | M2: Срок (SLA) | N2: Контроль SLA | O2: Статус | P2: Дата закрытия | Q2: Примечание
A3: BUG-001 | B3: [ДД.ММ.ГГГГ] | C3: [ФИО] | D3: Ошибка округления при расчёте себестоимости | E3: 1) Запустить расчёт 2) Сверить с эталоном | F3: Критический | G3: Высокий | H3: Функциональный | I3: Производство | J3: TC-031 | K3: REQ-002 | L3: [ФИО] | M3: [ДД.ММ.ГГГГ] | N3: =IFERROR(IF(A3="","",IF(OR(O3="Закрыт",O3="Проверен",O3="Отклонён"),"—",IF(N(M3)=0,"",IF(TODAY()>M3,"Просрочен","В срок")))),"") | O3: Исправлен | Q3: Связ. с DEV-001
A4: BUG-002 | B4: [ДД.ММ.ГГГГ] | C4: [ФИО] | D4: Обмен с MES падает при пустом поле | E4: 1) Отправить запись без поля 2) Обмен | F4: Блокирующий | G4: Высокий | H4: Интеграционный | I4: Интеграции | J4: TC-052 | K4: REQ-004 | L4: [ФИО] | M4: [ДД.ММ.ГГГГ] | N4: =IFERROR(IF(A4="","",IF(OR(O4="Закрыт",O4="Проверен",O4="Отклонён"),"—",IF(N(M4)=0,"",IF(TODAY()>M4,"Просрочен","В срок")))),"") | O4: Переоткрыт | Q4: Блокирует интеграц. тесты
A5: BUG-003 | B5: [ДД.ММ.ГГГГ] | C5: [ФИО] | D5: Некорректный заголовок печатной формы | E5: 1) Открыть печать счёта | F5: Незначительный | G5: Низкий | H5: Функциональный | I5: Продажи | J5: TC-090 | K5: REQ-… | L5: [ФИО] | M5: [ДД.ММ.ГГГГ] | N5: =IFERROR(IF(A5="","",IF(OR(O5="Закрыт",O5="Проверен",O5="Отклонён"),"—",IF(N(M5)=0,"",IF(TODAY()>M5,"Просрочен","В срок")))),"") -> — | O5: Закрыт | P5: [ДД.ММ.ГГГГ]
N6: =IFERROR(IF(A6="","",IF(OR(O6="Закрыт",O6="Проверен",O6="Отклонён"),"—",IF(N(M6)=0,"",IF(TODAY()>M6,"Просрочен","В срок")))),"")
N7: =IFERROR(IF(A7="","",IF(OR(O7="Закрыт",O7="Проверен",O7="Отклонён"),"—",IF(N(M7)=0,"",IF(TODAY()>M7,"Просрочен","В срок")))),"")
N8: =IFERROR(IF(A8="","",IF(OR(O8="Закрыт",O8="Проверен",O8="Отклонён"),"—",IF(N(M8)=0,"",IF(TODAY()>M8,"Просрочен","В срок")))),"")
N9: =IFERROR(IF(A9="","",IF(OR(O9="Закрыт",O9="Проверен",O9="Отклонён"),"—",IF(N(M9)=0,"",IF(TODAY()>M9,"Просрочен","В срок")))),"")
N10: =IFERROR(IF(A10="","",IF(OR(O10="Закрыт",O10="Проверен",O10="Отклонён"),"—",IF(N(M10)=0,"",IF(TODAY()>M10,"Просрочен","В срок")))),"")
N11: =IFERROR(IF(A11="","",IF(OR(O11="Закрыт",O11="Проверен",O11="Отклонён"),"—",IF(N(M11)=0,"",IF(TODAY()>M11,"Просрочен","В срок")))),"")
N12: =IFERROR(IF(A12="","",IF(OR(O12="Закрыт",O12="Проверен",O12="Отклонён"),"—",IF(N(M12)=0,"",IF(TODAY()>M12,"Просрочен","В срок")))),"")
N13: =IFERROR(IF(A13="","",IF(OR(O13="Закрыт",O13="Проверен",O13="Отклонён"),"—",IF(N(M13)=0,"",IF(TODAY()>M13,"Просрочен","В срок")))),"")
N14: =IFERROR(IF(A14="","",IF(OR(O14="Закрыт",O14="Проверен",O14="Отклонён"),"—",IF(N(M14)=0,"",IF(TODAY()>M14,"Просрочен","В срок")))),"")
N15: =IFERROR(IF(A15="","",IF(OR(O15="Закрыт",O15="Проверен",O15="Отклонён"),"—",IF(N(M15)=0,"",IF(TODAY()>M15,"Просрочен","В срок")))),"")
N16: =IFERROR(IF(A16="","",IF(OR(O16="Закрыт",O16="Проверен",O16="Отклонён"),"—",IF(N(M16)=0,"",IF(TODAY()>M16,"Просрочен","В срок")))),"")
N17: =IFERROR(IF(A17="","",IF(OR(O17="Закрыт",O17="Проверен",O17="Отклонён"),"—",IF(N(M17)=0,"",IF(TODAY()>M17,"Просрочен","В срок")))),"")
... N252: =IFERROR(IF(A252="","",IF(OR(O252="Закрыт",O252="Проверен",O252="Отклонён"),"—",IF(N(M252)=0,"",IF(TODAY()>M252,"Просрочен","В срок")))),"")

Sheet Сводка
B2: Сводка по дефектам
B3: Считается автоматически по листу «Журнал дефектов».
B5: По серьёзности | E5: По статусу
B6: Серьёзность | C6: Кол-во | E6: Статус | F6: Кол-во
B7: Блокирующий | C7: =COUNTIF('Журнал дефектов'!$F$3:$F$252,"Блокирующий") -> 1 | E7: Открыт | F7: =COUNTIF('Журнал дефектов'!$O$3:$O$252,"Открыт") -> 0
B8: Критический | C8: =COUNTIF('Журнал дефектов'!$F$3:$F$252,"Критический") -> 1 | E8: Назначен | F8: =COUNTIF('Журнал дефектов'!$O$3:$O$252,"Назначен") -> 0
B9: Значительный | C9: =COUNTIF('Журнал дефектов'!$F$3:$F$252,"Значительный") -> 0 | E9: Исправлен | F9: =COUNTIF('Журнал дефектов'!$O$3:$O$252,"Исправлен") -> 1
B10: Незначительный | C10: =COUNTIF('Журнал дефектов'!$F$3:$F$252,"Незначительный") -> 1 | E10: Проверен | F10: =COUNTIF('Журнал дефектов'!$O$3:$O$252,"Проверен") -> 0
B11: Всего дефектов | C11: =COUNTA('Журнал дефектов'!$A$3:$A$252) -> 3 | E11: Закрыт | F11: =COUNTIF('Журнал дефектов'!$O$3:$O$252,"Закрыт") -> 1
B12: Открытых блок./крит. | C12: =COUNTIFS('Журнал дефектов'!$F$3:$F$252,"Блокирующий",'Журнал дефектов'!$O$3:$O$252,"<>Закрыт",'Журнал дефектов'!$O$3:$O$252,"<>Проверен",'Журнал дефектов'!$O$3:$O$252,"<>Отклонён")+COUNTIFS('Журнал дефектов'!$F$3:$F$252,"Критический",'Журнал дефектов'!$O$3:$O$252,"<>Закрыт",'Журнал дефектов'!$O$3:$O$252,"<>Проверен",'Журнал дефектов'!$O$3:$O$252,"<>Отклонён") -> 2 | E12: Отклонён | F12: =COUNTIF('Журнал дефектов'!$O$3:$O$252,"Отклонён") -> 0
B13: Просрочено по SLA | C13: =COUNTIF('Журнал дефектов'!$N$3:$N$252,"Просрочен") -> 0 | E13: Отложен | F13: =COUNTIF('Журнал дефектов'!$O$3:$O$252,"Отложен") -> 0
E14: Переоткрыт | F14: =COUNTIF('Журнал дефектов'!$O$3:$O$252,"Переоткрыт") -> 1
B16: Критерий выхода тестирования: открытых блокирующих/критических = 0 (см. План тестирования, р.5.2).

Sheet Справочники
A1: Серьёзность | B1: Приоритет | C1: Статус | D1: Уровень тестирования | E1: Подсистема
A2: Блокирующий | B2: Высокий | C2: Открыт | D2: Функциональный | E2: Финансы и казначейство
A3: Критический | B3: Средний | C3: Назначен | D3: Интеграционный | E3: Регламентированный учёт
A4: Значительный | B4: Низкий | C4: Исправлен | D4: Нагрузочный | E4: Консолидация (1С:УХ)
A5: Незначительный | C5: Проверен | D5: Миграционный | E5: Производство
C6: Закрыт | D6: Приёмочный (UAT) | E6: Закупки/склад
C7: Отклонён | D7: Регрессионный | E7: Продажи
C8: Отложен | D8: ОПЭ | E8: HR/ЗП
C9: Переоткрыт | E9: НСИ
E10: Интеграции
E11: Миграция
E12: Общесистемное

Sheet Журнал изменений
A1: Журнал изменений документа
A2: Версия | B2: Дата | C2: Описание изменений | D2: Автор
A3: 0.1 | B3: ДД.ММ.ГГГГ | C3: Создание документа | D3: ФИО
